Model Name,Price,Model Year,Location,Mileage,Engine Type,Engine Capacity,Color,Assembly,Body Type,Transmission Type,Registration Status
Vitz,2385000,2017,Islamabad,9869,Petrol,1000,Silver,Imported,Hatchback,Automatic,Un-Registered
Corolla,111000,2019,KPK,11111,Petrol,1300,White,Local,Sedan,Automatic,Registered
Alto,1530000,2019,KPK,17500,Petrol,660,White,Local,Hatchback,Automatic,Un-Registered
Alto,1650000,2019,Punjab,9600,Petrol,660,White,Local,Hatchback,Manual,Registered
Corolla,1435000,2010,Islamabad,120000,Petrol,1300,Black,Local,Sedan,Manual,Registered
Civic,3850000,2017,Punjab,22000,Petrol,1500,Black,Local,Sedan,Automatic,Registered
Wagon,1440000,2017,Punjab,31000,Petrol,1000,White,Local,Hatchback,Manual,Registered
Mirage,1425000,2012,Punjab,101000,Petrol,1000,Black,Imported,Hatchback,Automatic,Registered
Prado,2650000,1998,Punjab,110000,Diesel,3000,Beige,Imported,SUV,Automatic,Registered
Civic,3350000,2017,Punjab,60000,Petrol,1800,White,Local,Sedan,Automatic,Registered
Vezel,3200000,2014,Sindh,91000,Hybrid,1500,Black,Imported,Cross Over,Automatic,Registered
City,1990000,2017,Punjab,75000,Petrol,1300,White,Local,Sedan,Manual,Registered
N,185000,2016,Punjab,20000,Petrol,660,Black,Imported,Hatchback,Automatic,Registered
Cultus,920000,2012,Punjab,83000,Petrol,1000,Grey,Local,Hatchback,Manual,Registered
Corolla,2750000,2018,Punjab,51240,Petrol,1300,White,Local,Sedan,Automatic,Registered
N,1150000,2017,Punjab,100000,Petrol,660,Black,Imported,Hatchback,Automatic,Registered
City,910000,2004,Punjab,150000,Petrol,1300,Grey,Local,Sedan,Manual,Registered
Fortuner,8650000,2018,Punjab,35000,Diesel,2800,White,Local,SUV,Automatic,Registered
Wagon,1625000,2016,Punjab,45000,Petrol,660,Brown,Imported,Hatchback,Automatic,Un-Registered
City,2100000,2016,Punjab,58000,Petrol,1300,White,Local,Sedan,Manual,Registered
Vitz,965000,2001,Punjab,135000,Petrol,1000,Pink,Imported,Hatchback,Automatic,Registered
Mehran,840000,2018,Punjab,55000,Petrol,800,White,Local,Hatchback,Manual,Registered
N,1485000,2012,Punjab,74000,Petrol,660,Assembly,Imported,Hatchback,Automatic,Registered
Khyber,400000,2000,Punjab,90000,Petrol,1000,Assembly,Local,Hatchback,Manual,Registered
Civic,1985000,2012,Punjab,95000,Petrol,1800,White,Local,Sedan,Manual,Registered
Corolla,2445000,2016,Punjab,96000,Petrol,1600,Black,Local,Sedan,Automatic,Registered
Corolla,1360000,2011,Punjab,125000,Petrol,1300,White,Local,Sedan,Manual,Registered
City,2485000,2018,Punjab,30000,Petrol,1300,White,Local,Sedan,Automatic,Registered
Corolla,3785000,2019,Punjab,24000,Petrol,1798,Assembly,Local,Sedan,Automatic,Registered
Civic,1490000,2010,Punjab,176000,Petrol,1800,Maroon,Local,Sedan,Automatic,Registered
Alto,1445000,2016,Punjab,65000,Petrol,660,White,Imported,Hatchback,Automatic,Registered
Wagon,1495000,2013,Punjab,85000,Petrol,660,White,Local,Hatchback,Automatic,Registered
Civic,1815000,2011,Punjab,74000,Petrol,1800,Silver,Local,Sedan,Automatic,Registered
Civic,3550000,2018,Sindh,51946,Petrol,1800,Grey,Local,Sedan,Automatic,Registered
City,2300000,2018,Islamabad,31000,Petrol,1300,White,Local,Sedan,Manual,Registered
Civic,2400000,2012,Islamabad,110392,Petrol,1800,Brown,Local,Sedan,Automatic,Registered
Civic,2390000,2015,Punjab,90000,Petrol,1800,White,Local,Sedan,Manual,Registered
Dayz,1400000,2017,Punjab,86000,Petrol,660,Black,Imported,Hatchback,Automatic,Registered
Mira,1345000,2014,Sindh,77000,Petrol,660,Beige,Imported,Hatchback,Automatic,Registered
Alto,1495000,2016,Sindh,63000,Petrol,660,Burgundy,Local,Hatchback,Automatic,Registered
City,1210000,2006,Punjab,180000,Petrol,1500,Maroon,Local,Sedan,Automatic,Registered
City,625000,2000,Punjab,165000,Petrol,1300,Gold,Local,Sedan,Manual,Registered
Corolla,1750000,2010,Punjab,108000,Petrol,1800,Black,Local,Sedan,Automatic,Registered
Wagon,1385000,2016,Punjab,82000,Petrol,1000,Grey,Local,Hatchback,Manual,Registered
Corolla,1880000,2014,Punjab,150500,Petrol,1300,Silver,Local,Sedan,Manual,Registered
Corolla,3000000,2019,Sindh,20000,Petrol,1300,White,Local,Sedan,Automatic,Registered
Mehran,495000,2005,Islamabad,85000,Petrol,800,Silver,Local,Hatchback,Manual,Registered
City,1970000,2016,Punjab,95000,Petrol,1300,White,Imported,Sedan,Manual,Registered
Corolla,1170000,2005,Sindh,143000,Petrol,1300,Grey,Local,Sedan,Manual,Registered
Prius,2980000,2014,KPK,78000,Petrol,1800,Silver,Imported,Sedan,Automatic,Registered
City,1025000,2005,Islamabad,95000,Petrol,1300,Black,Local,Sedan,Manual,Registered
Mehran,585000,2010,Punjab,84000,Petrol,800,White,Local,Hatchback,Manual,Registered
Civic,1140000,2004,Punjab,149000,Petrol,1500,Blue,Local,Sedan,Manual,Registered
Mira,1550000,2014,Sindh,55000,Petrol,660,Assembly,Imported,Hatchback,Automatic,Registered
Cultus,1215000,2014,Islamabad,68000,Petrol,1000,White,Local,Hatchback,Manual,Registered
Civic,2265000,2014,Punjab,57000,Petrol,1800,White,Local,Sedan,Manual,Registered
Juke,2400000,2012,Islamabad,55000,Petrol,1500,White,Imported,SUV,Automatic,Registered
Passo,2350000,2017,Punjab,35000,Petrol,1000,Red,Imported,Hatchback,Automatic,Un-Registered
Wagon,1510000,2018,Punjab,28000,Petrol,1000,Grey,Local,Hatchback,Manual,Registered
Bolan,955000,2018,Punjab,41593,Petrol,800,White,Local,Van,Manual,Registered
Civic,3045000,2016,Punjab,57000,Petrol,1800,Black,Local,Sedan,Automatic,Registered
Civic,3345000,2017,Punjab,46000,Petrol,1800,White,Local,Sedan,Automatic,Registered
Civic,2245000,2013,Punjab,85000,Petrol,1800,Assembly,Local,Sedan,Automatic,Registered
Civic,3345000,2018,Punjab,47000,Petrol,1800,White,Local,Sedan,Automatic,Registered
Swift,1420000,2015,Punjab,78000,Petrol,1300,Grey,Local,Hatchback,Manual,Registered
City,1835000,2014,Punjab,65000,Petrol,1300,White,Local,Sedan,Manual,Registered
Liana,895000,2006,Punjab,83000,Petrol,1300,White,Local,Sedan,Manual,Registered
Prius,5200000,2016,Punjab,15205,Petrol,1800,White,Imported,Sedan,Automatic,Un-Registered
Alto,700000,2008,Punjab,123000,Petrol,660,Silver,Imported,Hatchback,Automatic,Registered
Cultus,1720000,2018,Punjab,28575,Petrol,1000,Silver,Local,Hatchback,Manual,Registered
Passo,1650000,2014,Sindh,80000,Petrol,1000,Blue,Imported,Hatchback,Automatic,Registered
Prius,1960000,2010,Sindh,80000,Hybrid,1800,Black,Imported,Sedan,Automatic,Registered
Cultus,650000,2006,Islamabad,123456,Petrol,1000,White,Local,Hatchback,Manual,Registered
Prius,2790000,2014,Punjab,90520,Petrol,1800,Silver,Imported,Sedan,Automatic,Registered
Margalla,250000,1993,Punjab,500000,Hybrid,1300,White,Local,Sedan,Manual,Registered
Corolla,2600000,2016,Punjab,52000,Petrol,1600,White,Local,Sedan,Automatic,Registered
Belta,1275000,2006,Sindh,105000,Petrol,1000,Assembly,Imported,Sedan,Automatic,Registered
Camry,5000000,2012,Punjab,100000,Petrol,2500,Grey,Imported,Sedan,Automatic,Registered
Mira,1630000,2015,Punjab,680000,Petrol,660,White,Imported,Hatchback,Automatic,Registered
A4,8700000,2017,Sindh,5900,Petrol,1400,Grey,Imported,Sedan,Automatic,Registered
Mira,1300000,2012,Punjab,65000,Petrol,660,Black,Imported,Hatchback,Automatic,Registered
Noah,3850000,2015,Sindh,35000,Hybrid,1800,Black,Imported,Mini Van,Automatic,Un-Registered
Prado,13900000,2012,Sindh,75000,Petrol,4000,Black,Imported,SUV,Automatic,Registered
Prius,1725000,2008,Punjab,90000,Petrol,1500,White,Imported,Sedan,Automatic,Registered
Corolla,3400000,2019,Punjab,4000,Petrol,1600,White,Local,Sedan,Automatic,Registered
Vezel,4630000,2016,Islamabad,51000,Petrol,1500,White,Imported,Cross Over,Automatic,Registered
City,2725000,2018,Islamabad,11012,Petrol,1500,Blue,Local,Sedan,Automatic,Registered
City,1875000,2015,Punjab,55000,Petrol,1500,Assembly,Local,Sedan,Manual,Registered
Liana,780000,2006,Islamabad,156000,Hybrid,1300,Silver,Local,Sedan,Manual,Registered
Hijet,910000,2010,Sindh,130394,Petrol,660,White,Imported,Mini Van,Automatic,Registered
Bolan,950000,2016,Islamabad,25000,Petrol,800,White,Local,Van,Manual,Registered
Swift,1500000,2013,Punjab,80000,Petrol,1300,White,Local,Hatchback,Manual,Registered
Wagon,1500000,2018,Punjab,30000,Petrol,1000,Silver,Local,Hatchback,Manual,Registered
Wagon,1450000,2014,KPK,32000,Petrol,660,Indigo,Imported,Hatchback,Automatic,Un-Registered
Mehran,925000,2018,Punjab,50000,Petrol,800,White,Local,Hatchback,Manual,Registered
N,1595000,2016,Punjab,41000,Petrol,660,White,Imported,Hatchback,Automatic,Registered
Liana,650000,2006,KPK,107602,Petrol,1300,Beige,Local,Sedan,Manual,Registered
Land,2700000,1994,Islamabad,117000,Diesel,4200,Maroon,Imported,SUV,Automatic,Registered
Corolla,3025000,2018,Sindh,21000,Petrol,1600,Silver,Local,Sedan,Automatic,Registered
Civic,875000,2001,Islamabad,100000,Petrol,1600,White,Local,Sedan,Manual,Registered
Aqua,2400000,2015,Sindh,112000,Petrol,1500,White,Imported,Hatchback,Automatic,Registered
Civic,1725000,2010,Sindh,55000,Petrol,1800,Silver,Local,Sedan,Automatic,Registered
Civic,3150000,2017,Islamabad,45000,Petrol,1800,Black,Local,Sedan,Automatic,Registered
Alto,660000,2019,Punjab,6800,Petrol,660,White,Local,Hatchback,Manual,Registered
Civic,2525000,2014,Punjab,29000,Petrol,1800,White,Local,Sedan,Automatic,Registered
Aqua,3025000,2016,Sindh,75000,Hybrid,1500,White,Imported,Hatchback,Automatic,Un-Registered
Land,34300000,2016,Punjab,43200,Petrol,4608,Black,Imported,SUV,Automatic,Registered
Land,37500000,2016,Punjab,12786,Petrol,4608,White,Imported,SUV,Automatic,Un-Registered
Prius,2200000,2010,Islamabad,125000,Petrol,1800,White,Imported,Sedan,Automatic,Registered
Prius,4095000,2016,Islamabad,79736,Hybrid,1800,Silver,Imported,Sedan,Automatic,Un-Registered
N,1450000,2014,Punjab,65000,Petrol,660,Pink,Imported,Hatchback,Automatic,Registered
Civic,3190000,2016,Sindh,27000,Petrol,1800,White,Local,Sedan,Automatic,Registered
Liana,725000,2007,Punjab,170000,Petrol,1300,Maroon,Local,Sedan,Manual,Registered
Wagon,1600000,2019,Sindh,21700,Petrol,1000,Grey,Local,Hatchback,Manual,Registered
Civic,3300000,2017,Punjab,38000,Petrol,1800,Silver,Local,Sedan,Automatic,Registered
Swift,1230000,2012,Punjab,130000,Petrol,1300,Grey,Local,Hatchback,Manual,Registered
Mira,895000,2005,Punjab,76800,Petrol,660,White,Imported,Hatchback,Automatic,Registered
Margalla,400000,1998,Sindh,950000,Petrol,1300,Black,Local,Sedan,Manual,Registered
Land,20000000,2011,Punjab,70000,Petrol,4608,White,Imported,SUV,Automatic,Registered
City,2495000,2019,Sindh,7700,Petrol,1300,White,Local,Sedan,Automatic,Registered
Fit,3325000,2017,Sindh,31000,Hybrid,1500,White,Imported,Hatchback,Automatic,Un-Registered
Corolla,1750000,2010,Sindh,94000,Petrol,1800,Grey,Local,Sedan,Automatic,Registered
Mira,1550000,2015,Punjab,27000,Petrol,660,Red,Imported,Hatchback,Automatic,Un-Registered
Mehran,550000,2009,KPK,68000,Petrol,800,Blue,Local,Hatchback,Manual,Registered
Civic,1700000,2010,Punjab,91000,Petrol,1800,Black,Local,Sedan,Automatic,Registered
Prado,11500000,2012,Islamabad,90000,Petrol,2700,Black,Imported,SUV,Automatic,Registered
City,2480000,2018,Islamabad,18000,Petrol,1300,White,Local,Sedan,Automatic,Registered
Vezel,3350000,2013,Sindh,110000,Petrol,1500,Unlisted,Imported,Cross Over,Automatic,Registered
Civic,3280000,2017,KPK,55000,Petrol,1800,White,Local,Sedan,Automatic,Registered
Mehran,675000,2013,Punjab,45000,Petrol,800,White,Local,Hatchback,Manual,Registered
Mehran,430000,2006,KPK,102876,Petrol,800,White,Local,Hatchback,Manual,Registered
Mira,1875000,2018,Sindh,2060,Petrol,660,Assembly,Imported,Hatchback,Automatic,Un-Registered
Passo,1250000,2007,Islamabad,177000,Petrol,1000,Black,Imported,Hatchback,Automatic,Registered
Prius,3350000,2015,Islamabad,45000,Petrol,1800,Green,Imported,Sedan,Automatic,Un-Registered
Mira,1700000,2016,Punjab,33000,Petrol,660,Silver,Imported,Hatchback,Automatic,Un-Registered
Aqua,2250000,2013,Punjab,70000,Petrol,1500,Turquoise,Imported,Hatchback,Automatic,Registered
Mehran,1050000,2019,Punjab,16000,Petrol,800,White,Local,Hatchback,Manual,Registered
Accord,4200000,2012,Sindh,71000,Petrol,2400,Black,Local,Sedan,Automatic,Registered
Corolla,1025000,2008,Islamabad,579000,Petrol,1300,White,Local,Sedan,Manual,Registered
Prado,16300000,2015,Punjab,29197,Petrol,2700,White,Imported,SUV,Automatic,Un-Registered
Corolla,1620000,2012,KPK,92000,Petrol,1300,White,Local,Sedan,Manual,Registered
Bolan,550000,2011,Sindh,50000,Petrol,800,Red,Local,Mini Van,Manual,Registered
Mehran,660000,2015,Sindh,40000,Petrol,800,Grey,Local,Hatchback,Manual,Registered
Cultus,630000,2007,Sindh,92000,Petrol,1000,Silver,Local,Hatchback,Manual,Registered
Corolla,2595000,2017,Islamabad,41000,Petrol,1300,White,Local,Sedan,Manual,Registered
Mehran,370000,2004,Islamabad,166511,Petrol,800,White,Local,Hatchback,Manual,Registered
Wagon,1620000,2018,Punjab,8200,Petrol,1000,Silver,Local,Hatchback,Manual,Registered
Aqua,3399000,2017,Islamabad,89990,Hybrid,1500,Silver,Imported,Hatchback,Automatic,Un-Registered
Mehran,760000,2015,Islamabad,79900,Petrol,800,Grey,Local,Hatchback,Manual,Registered
Mehran,575000,2011,Islamabad,138000,Petrol,800,Grey,Local,Hatchback,Manual,Registered
Corolla,1020000,2003,Islamabad,100000,Diesel,2000,Gold,Local,Sedan,Manual,Registered
Alto,530000,2008,Punjab,120000,Petrol,1000,Assembly,Local,Hatchback,Manual,Registered
Corolla,2480000,2017,Sindh,38000,Petrol,1300,Assembly,Local,Sedan,Automatic,Registered
Joy,435000,2006,Sindh,116000,Petrol,1000,Silver,Imported,Hatchback,Manual,Registered
Alto,1370000,2019,Sindh,18000,Petrol,660,Silver,Local,Hatchback,Manual,Registered
City,1090000,2006,Punjab,200000,Petrol,1300,Black,Local,Sedan,Manual,Registered
N,1525000,2014,Punjab,86000,Petrol,660,Silver,Imported,Hatchback,Automatic,Registered
Corolla,1680000,2013,Sindh,80500,Petrol,1300,Burgundy,Local,Sedan,Manual,Registered
Civic,1300000,2008,Punjab,190000,Petrol,1800,Black,Local,Sedan,Manual,Registered
Civic,770000,2000,KPK,120000,Petrol,1600,White,Local,Sedan,Automatic,Registered
Mira,1025000,2007,Punjab,156000,Petrol,660,White,Imported,Hatchback,Automatic,Registered
Liana,750000,2006,Islamabad,135000,Petrol,1300,Silver,Local,Sedan,Manual,Registered
Corolla,2690000,2016,Punjab,42000,Petrol,1600,Grey,Local,Sedan,Automatic,Registered
Corolla,3295000,2019,Sindh,4100,Petrol,1600,Grey,Local,Sedan,Automatic,Registered
Vitz,2475000,2017,Punjab,66198,Petrol,1000,Silver,Imported,Hatchback,Automatic,Un-Registered
Passo,2050000,2016,Punjab,16667,Petrol,1000,Green,Imported,Hatchback,Automatic,Un-Registered
Swift,1865000,2019,Sindh,4000,Petrol,1300,Silver,Local,Hatchback,Manual,Registered
Alto,650000,2009,Punjab,152000,Petrol,1000,Blue,Local,Hatchback,Manual,Registered
Passo,2295000,2016,Punjab,53122,Petrol,1000,Beige,Imported,Hatchback,Automatic,Un-Registered
Camry,4500000,2012,Punjab,104000,Petrol,2500,White,Imported,Sedan,Automatic,Registered
Corolla,2975000,2017,Islamabad,32000,Petrol,1600,White,Local,Sedan,Automatic,Registered
Cast,2135000,2016,Islamabad,16084,Petrol,660,Orange,Imported,Hatchback,Automatic,Un-Registered
Corolla,2550000,2015,Islamabad,160680,Petrol,1600,Bronze,Local,Sedan,Automatic,Registered
Probox,1700000,2006,KPK,89000,Petrol,1300,White,Imported,Van,Automatic,Registered
Alto,775000,2009,Punjab,90000,Petrol,1000,Silver,Local,Hatchback,Manual,Registered
Cultus,875000,2013,Punjab,60000,Petrol,1000,Grey,Local,Hatchback,Manual,Registered
Move,1350000,2013,Sindh,90000,Petrol,660,Burgundy,Imported,Hatchback,Automatic,Registered
Corolla,2075000,2014,Sindh,70000,Petrol,1300,Silver,Local,Sedan,Automatic,Registered
Civic,1245000,2010,Punjab,210000,Petrol,1800,Silver,Local,Sedan,Manual,Registered
MR,1050000,2008,Punjab,130000,Petrol,660,Maroon,Imported,Mini Van,Automatic,Registered
Lancer,175000,1990,Sindh,170000,Petrol,1300,White,Local,Sedan,Manual,Registered
Corolla,600000,2000,Sindh,163000,Petrol,1300,Black,Local,Sedan,Manual,Registered
Khyber,450000,1996,KPK,100000,Petrol,1000,White,Local,Hatchback,Manual,Registered
Corolla,1625000,2014,Punjab,87000,Petrol,1300,White,Local,Sedan,Manual,Registered
Vitz,1150000,2004,Punjab,180000,Petrol,1000,Blue,Imported,Hatchback,Automatic,Registered
Mehran,435000,2002,Punjab,110000,Petrol,800,Green,Local,Hatchback,Manual,Registered
Swift,1125000,2011,Punjab,103335,Petrol,1300,Maroon,Local,Hatchback,Manual,Registered
Prius,3300000,2013,Punjab,60000,Petrol,1800,Black,Imported,Sedan,Automatic,Registered
Mehran,760000,2015,Punjab,45000,Petrol,800,Grey,Local,Hatchback,Manual,Registered
Vitz,2275000,2016,Punjab,75546,Petrol,1000,White,Imported,Hatchback,Automatic,Un-Registered
Swift,1700000,2018,KPK,75000,Petrol,1300,White,Local,Hatchback,Manual,Registered
Vitz,1720000,2011,Punjab,114000,Petrol,1300,Assembly,Imported,Hatchback,Automatic,Registered
Vitz,1210000,2007,Sindh,187632,Petrol,1000,Black,Imported,Hatchback,Automatic,Registered
Vitz,2350000,2016,KPK,20000,Petrol,1000,Blue,Imported,Hatchback,Automatic,Un-Registered
Corolla,1725000,2010,Punjab,115000,Petrol,1800,Black,Local,Sedan,Automatic,Registered
City,1950000,2016,Punjab,84207,Petrol,1300,White,Local,Sedan,Manual,Registered
Civic,1850000,2010,Punjab,66000,Petrol,1800,Grey,Local,Sedan,Automatic,Registered
Vitz,2196000,2016,Punjab,92000,Petrol,1000,Grey,Imported,Hatchback,Automatic,Un-Registered
C-HR,5700000,2017,Islamabad,29635,Hybrid,1800,White,Imported,Cross Over,Automatic,Registered
Corolla,895000,1999,Punjab,93000,Petrol,1600,Gold,Local,Sedan,Manual,Registered
Passo,1525000,2013,Sindh,99000,Petrol,1000,Purple,Imported,Hatchback,Automatic,Registered
Corolla,2100000,2014,KPK,98000,Petrol,1300,Silver,Local,Sedan,Manual,Registered
Vezel,4750000,2017,Islamabad,16000,Hybrid,1500,White,Imported,Cross Over,Automatic,Un-Registered
City,2145000,2017,Islamabad,70000,Petrol,1300,White,Local,Sedan,Manual,Registered
Civic,3175000,2017,Islamabad,45000,Petrol,1800,Black,Local,Sedan,Automatic,Registered
Wagon,1325000,2016,Punjab,100000,Petrol,1000,Gold,Imported,Hatchback,Manual,Registered
Benz,635000,1993,Sindh,160000,Petrol,2200,Silver,Imported,Sedan,Automatic,Registered
Corolla,2160000,2016,Punjab,82000,Petrol,1300,White,Local,Sedan,Manual,Registered
Corolla,1950000,2007,Punjab,150000,Petrol,1500,Silver,Imported,Sedan,Automatic,Registered
Mehran,1190000,2019,Punjab,6720,Petrol,800,White,Local,Hatchback,Manual,Registered
Corolla,1080000,2008,Punjab,80000,Petrol,1300,Black,Local,Sedan,Manual,Registered
Prado,12000000,2011,Sindh,73500,Petrol,2700,Black,Imported,SUV,Automatic,Registered
Aqua,2225000,2013,Sindh,89000,Hybrid,1500,Silver,Imported,Hatchback,Automatic,Registered
Benz,775000,1991,Sindh,200000,Petrol,2000,White,Imported,Sedan,Automatic,Registered
Civic,900000,1998,Islamabad,100000,Petrol,1600,White,Local,Sedan,Automatic,Registered
Passo,2300000,2017,KPK,35000,Petrol,1000,Silver,Imported,Hatchback,Automatic,Un-Registered
Wagon,1485000,2017,Punjab,51000,Petrol,1000,White,Local,Hatchback,Manual,Registered
Alto,625000,2009,Sindh,90000,Petrol,1000,Grey,Local,Hatchback,Manual,Registered
Civic,940000,1999,Punjab,150000,Petrol,1600,Silver,Local,Sedan,Manual,Registered
Voxy,4000000,2015,KPK,140000,Hybrid,1800,White,Imported,Mini Van,Automatic,Un-Registered
Benz,4000000,2008,KPK,85000,Petrol,1800,Silver,Imported,Sedan,Automatic,Registered
Mark,5600000,2009,KPK,167987,Petrol,3500,White,Imported,Sedan,Automatic,Un-Registered
Corolla,2840000,2018,KPK,53231,Petrol,1300,White,Local,Sedan,Automatic,Registered
Corolla,2530000,2014,KPK,70000,Petrol,1600,Silver,Local,Sedan,Automatic,Registered
Wagon,1430000,2012,KPK,123448,Petrol,660,White,Imported,Hatchback,Automatic,Registered
Prado,5400000,2002,Punjab,76000,Petrol,2700,White,Imported,SUV,Automatic,Registered
City,2400000,2019,Islamabad,20617,Petrol,1300,White,Local,Sedan,Manual,Registered
Civic,3900000,2018,Islamabad,5675,Petrol,1800,White,Local,Sedan,Automatic,Un-Registered
City,1495000,2008,Punjab,120000,Petrol,1300,White,Local,Sedan,Automatic,Registered
Mehran,885000,2016,Punjab,110000,Petrol,800,Grey,Local,Hatchback,Manual,Registered
Cuore,570000,2005,Punjab,85000,Petrol,800,Silver,Local,Hatchback,Manual,Registered
Benz,7500000,2013,Islamabad,55000,Hybrid,2400,Blue,Imported,Sedan,Automatic,Registered
Mehran,890000,2018,Sindh,33500,Petrol,800,White,Local,Hatchback,Manual,Registered
Platz,1200000,2002,Islamabad,100000,Petrol,1000,White,Imported,Sedan,Automatic,Registered
Wagon,1530000,2018,Punjab,44000,Petrol,1000,White,Local,Hatchback,Manual,Registered
A6,17500000,2013,Punjab,30000,Petrol,3000,Black,Imported,SUV,Automatic,Registered
Baleno,580000,2004,Punjab,177000,Petrol,1300,Silver,Local,Sedan,Manual,Registered
Khyber,330000,1998,Sindh,107000,Petrol,1000,Grey,Local,Hatchback,Manual,Registered
Prius,2050000,2010,Punjab,138000,Hybrid,1800,Blue,Imported,Sedan,Automatic,Registered
City,1725000,2014,Punjab,89000,Petrol,1300,White,Local,Sedan,Manual,Registered
Mehran,900000,2018,Islamabad,30000,Petrol,800,Beige,Local,Hatchback,Manual,Registered
Aqua,1955000,2013,Punjab,106000,Petrol,1500,Silver,Imported,Hatchback,Automatic,Registered
City,1344000,2018,Punjab,26000,Petrol,1300,White,Local,Sedan,Manual,Registered
Corolla,1600000,2009,Punjab,128000,Petrol,1300,Silver,Local,Sedan,Manual,Registered
Corolla,2650000,2016,Punjab,134500,Petrol,1600,White,Local,Sedan,Automatic,Registered
Belta,1250000,2006,Punjab,150000,Petrol,1000,Silver,Imported,Sedan,Automatic,Registered
Cultus,1700000,2018,Islamabad,39500,Petrol,1000,White,Local,Hatchback,Manual,Registered
Mehran,370000,2006,Sindh,95000,Petrol,800,Maroon,Local,Hatchback,Manual,Registered
Alto,895000,2012,Punjab,70000,Petrol,1000,Green,Local,Hatchback,Manual,Registered
Mehran,575000,2013,Punjab,80000,Petrol,800,Silver,Local,Hatchback,Manual,Registered
Wagon,1600000,2018,Punjab,14797,Petrol,1000,White,Local,Hatchback,Manual,Registered
Civic,2370000,2013,Islamabad,114000,Petrol,1800,Silver,Local,Sedan,Automatic,Registered
Civic,2075000,2013,Sindh,55000,Petrol,1800,Black,Local,Sedan,Automatic,Registered
Civic,2125000,2015,Punjab,125000,Petrol,1800,White,Local,Sedan,Automatic,Registered
Benz,2350000,1993,Punjab,120000,Petrol,3200,White,Imported,Sedan,Automatic,Registered
Premio,2450000,2007,KPK,126458,Petrol,1800,Brown,Imported,Sedan,Automatic,Registered
Vezel,3495000,2015,Islamabad,73734,Petrol,1500,White,Imported,Cross Over,Automatic,Registered
Prius,6400000,2017,Punjab,52492,Hybrid,1800,White,Imported,Sedan,Automatic,Un-Registered
Corolla,2250000,2016,Punjab,46353,Petrol,1300,Silver,Local,Sedan,Manual,Registered
City,2400000,2018,Sindh,24000,Petrol,1300,Black,Local,Sedan,Automatic,Registered
Civic,775000,2002,Sindh,208100,Petrol,1500,Assembly,Local,Sedan,Manual,Registered
Prius,2050000,2010,Punjab,138000,Hybrid,1800,Assembly,Imported,Sedan,Automatic,Registered
Mehran,900000,2017,Islamabad,30000,Petrol,800,Grey,Local,Hatchback,Manual,Registered
Corolla,1550000,2011,KPK,85000,Petrol,1300,Silver,Local,Sedan,Manual,Registered
Corolla,2700000,2018,Punjab,39000,Petrol,1300,Silver,Local,Sedan,Manual,Registered
Prius,3540000,2014,Islamabad,85320,Petrol,1800,White,Imported,Sedan,Automatic,Registered
Corolla,1050000,2006,Punjab,300000,Petrol,1300,Grey,Local,Sedan,Manual,Registered
Alto,620000,2007,KPK,100000,Petrol,1000,White,Local,Hatchback,Manual,Registered
City,820000,2004,Sindh,150000,Petrol,1300,White,Local,Sedan,Manual,Registered
Bolan,900000,2017,Punjab,68000,Petrol,800,White,Local,Van,Manual,Registered
Civic,3800000,2018,Punjab,18000,Petrol,1800,Silver,Local,Sedan,Automatic,Registered
Corolla,2100000,2007,KPK,170000,Petrol,1500,White,Imported,Sedan,Automatic,Registered
Wagon,1295000,2017,Islamabad,100000,Petrol,660,Brown,Imported,Hatchback,Manual,Registered
Mehran,600000,2008,Punjab,54000,Petrol,800,Blue,Local,Hatchback,Manual,Registered
Fortuner,6900000,2016,Sindh,55000,Petrol,2700,Black,Local,SUV,Automatic,Registered
Vezel,3800000,2015,Punjab,57000,Hybrid,1500,Silver,Imported,Cross Over,Automatic,Registered
Baleno,550000,2004,Islamabad,127862,Petrol,1300,White,Local,Sedan,Manual,Registered
Cultus,615000,2007,Sindh,100000,Petrol,1000,Silver,Local,Hatchback,Manual,Registered
Corolla,2540000,2017,Sindh,36000,Petrol,1300,Silver,Local,Sedan,Manual,Registered
Cultus,749000,2008,Punjab,99000,Petrol,1000,White,Local,Hatchback,Manual,Registered
Land,4500000,2001,Islamabad,117000,Diesel,4164,Silver,Imported,SUV,Automatic,Registered
Corolla,2650000,2016,Sindh,70000,Petrol,1800,White,Local,Sedan,Automatic,Registered
Vezel,4610000,2016,Islamabad,19000,Hybrid,1500,Black,Imported,Cross Over,Automatic,Un-Registered
MR,1125000,2012,Islamabad,206250,Petrol,660,Burgundy,Imported,Mini Van,Automatic,Registered
Swift,1375000,2012,Punjab,85000,Petrol,1300,Blue,Local,Hatchback,Automatic,Registered
Prius,4850000,2017,Islamabad,20000,Petrol,1800,Black,Imported,Sedan,Automatic,Un-Registered
Civic,3650000,2018,Punjab,18877,Petrol,1800,Grey,Local,Sedan,Automatic,Registered
Civic,2235000,2013,Punjab,130000,Petrol,1800,Black,Local,Sedan,Automatic,Registered
Vitz,1785000,2013,Sindh,91037,Petrol,1000,White,Imported,Hatchback,Automatic,Registered
Bolan,980000,2018,KPK,27500,Petrol,800,White,Local,Van,Manual,Registered
Passo,2325000,2016,Punjab,32369,Petrol,1000,Black,Imported,Hatchback,Automatic,Registered
City,1080000,2006,Punjab,146000,Petrol,1300,White,Local,Sedan,Manual,Registered
Civic,1650000,2010,KPK,117000,Petrol,1800,Silver,Local,Sedan,Automatic,Registered
Corolla,2700000,2015,Islamabad,76700,Petrol,1800,White,Local,Sedan,Automatic,Registered
Corolla,1050000,2004,Punjab,200000,Diesel,2000,White,Local,Sedan,Manual,Registered
Cuore,495000,2005,Punjab,65890,Petrol,800,Pink,Local,Hatchback,Manual,Registered
Cultus,1615000,2018,Sindh,23000,Petrol,1000,Silver,Local,Hatchback,Manual,Registered
Vitz,1320000,2008,KPK,140000,Petrol,1000,Silver,Imported,Hatchback,Automatic,Registered
Alto,730000,2010,Punjab,56000,Petrol,1000,Grey,Local,Hatchback,Manual,Registered
Prius,4800000,2016,Islamabad,63156,Hybrid,1800,White,Imported,Sedan,Automatic,Registered
Corolla,2900000,2016,Punjab,52000,Petrol,1800,White,Local,Sedan,Automatic,Registered
Terios,950000,1997,Punjab,124000,Petrol,1300,Blue,Imported,SUV,Manual,Registered
Surf,1650000,1993,Balochistan,150000,Diesel,2700,Black,Imported,SUV,Automatic,Registered
Prius,2320000,2011,KPK,114000,Petrol,1800,Blue,Imported,Sedan,Automatic,Registered
Corolla,2195000,2015,Punjab,98000,Petrol,1300,Burgundy,Local,Sedan,Automatic,Registered
Cultus,665000,2008,Punjab,56000,Petrol,1000,Silver,Local,Hatchback,Manual,Registered
Aqua,2875000,2016,Sindh,81000,Hybrid,1500,White,Imported,Hatchback,Automatic,Un-Registered
Corolla,1815000,2015,Sindh,51000,Petrol,1300,White,Local,Sedan,Manual,Registered
City,990000,2003,Islamabad,123456,Petrol,1300,Silver,Local,Sedan,Automatic,Registered
Swift,1570000,2017,Punjab,56000,Petrol,1300,Maroon,Local,Hatchback,Manual,Registered
Corolla,1700000,2010,Sindh,94000,Petrol,1800,Gold,Local,Sedan,Automatic,Registered
Crown,4000000,2004,Islamabad,150000,Petrol,3000,White,Imported,Sedan,Automatic,Registered
Civic,1995000,2013,Punjab,90000,Petrol,1800,Silver,Local,Sedan,Automatic,Registered
Prius,3030000,2015,Punjab,64000,Petrol,1800,White,Imported,Sedan,Automatic,Registered
Civic,4000000,2019,Punjab,10000,Petrol,1800,Bronze,Local,Sedan,Automatic,Registered
Wagon,1310000,2016,Punjab,74000,Petrol,1000,Grey,Local,Hatchback,Manual,Registered
City,2400000,2018,Islamabad,35000,Petrol,1500,Silver,Local,Sedan,Manual,Registered
Wagon,1200000,2014,Punjab,95000,Petrol,1000,Grey,Local,Hatchback,Manual,Registered
Vitz,2300000,2016,Islamabad,65604,Petrol,1000,Grey,Imported,Hatchback,Automatic,Un-Registered
Platz,865000,2001,KPK,222000,Petrol,1000,Blue,Imported,Sedan,Automatic,Registered
Civic,2250000,2013,Punjab,140000,Petrol,1800,White,Local,Sedan,Automatic,Registered
N,1725000,2015,Punjab,49700,Petrol,660,Black,Imported,Hatchback,Automatic,Registered
Corolla,1100000,2006,KPK,95500,Petrol,1300,White,Local,Sedan,Manual,Registered
City,1425000,2011,Punjab,100000,Petrol,1300,Gold,Local,Sedan,Manual,Registered
Corolla,1300000,2009,KPK,985600,Petrol,1300,White,Local,Sedan,Manual,Registered
Corolla,1850000,2011,Kashmir,150000,Diesel,2000,Black,Imported,Sedan,Manual,Registered
Civic,1400000,2009,Sindh,75000,Petrol,1800,Black,Local,Sedan,Automatic,Registered
City,1730000,2014,Punjab,170000,Petrol,1300,Grey,Local,Sedan,Manual,Registered
Corolla,3100000,2017,Punjab,35000,Petrol,1800,Silver,Local,Sedan,Automatic,Registered
Swift,1800000,2018,Sindh,15000,Petrol,1300,Silver,Local,Hatchback,Automatic,Registered
Prius,4550000,2017,Islamabad,30000,Hybrid,1800,Assembly,Imported,Sedan,Automatic,Un-Registered
Passo,2250000,2016,Islamabad,23000,Petrol,1000,White,Imported,Hatchback,Automatic,Un-Registered
Corolla,3225000,2018,Punjab,4000,Petrol,1600,White,Local,Sedan,Automatic,Registered
Aqua,2850000,2016,Islamabad,29191,Hybrid,1500,Silver,Imported,Hatchback,Automatic,Un-Registered
Cultus,635000,2006,Sindh,78000,Petrol,1000,Beige,Local,Hatchback,Manual,Registered
Passo,2200000,2016,Islamabad,8666,Petrol,1000,Green,Imported,Hatchback,Automatic,Un-Registered
Vezel,3900000,2015,Islamabad,40930,Petrol,1500,Grey,Imported,Cross Over,Automatic,Un-Registered
Santro,675000,2006,Punjab,115000,Petrol,1086,Grey,Local,Hatchback,Manual,Registered
Corolla,3655000,2016,Islamabad,77443,Hybrid,1500,White,Imported,Sedan,Automatic,Un-Registered
Civic,3300000,2017,Punjab,50000,Petrol,1800,White,Local,Sedan,Automatic,Registered
Vitz,1190000,2007,Punjab,95000,Petrol,1000,Blue,Imported,Hatchback,Automatic,Registered
Prius,4700000,2016,Islamabad,118536,Petrol,1800,Silver,Imported,Sedan,Automatic,Un-Registered
Swift,1450000,2013,Punjab,69000,Petrol,1300,Grey,Local,Hatchback,Automatic,Registered
Civic,975000,2005,Punjab,198300,Petrol,1500,Silver,Local,Sedan,Manual,Registered
Mira,1600000,2014,Sindh,79000,Petrol,660,Silver,Imported,Hatchback,Automatic,Registered
Platz,950000,2007,KPK,98500,Petrol,1000,Red,Imported,Sedan,Automatic,Registered
Mehran,795000,2016,Sindh,35600,Petrol,800,White,Local,Hatchback,Manual,Registered
Swift,1350000,2012,Islamabad,45923,Petrol,1300,White,Local,Hatchback,Manual,Registered
Corolla,1850000,2013,KPK,47000,Petrol,1300,Grey,Local,Sedan,Manual,Registered
City,2125000,2016,Islamabad,52600,Petrol,1300,White,Local,Sedan,Manual,Registered
City,1750000,2014,Sindh,55000,Petrol,1300,Silver,Local,Sedan,Manual,Registered
Corolla,2640000,2016,Punjab,88000,Petrol,1800,White,Local,Sedan,Automatic,Registered
Premio,2880000,2007,KPK,180000,Petrol,1800,Silver,Imported,Sedan,Automatic,Registered
Civic,3000000,2016,Islamabad,50000,Petrol,1800,Black,Local,Sedan,Automatic,Registered
Mehran,160000,1992,Sindh,123456,Petrol,800,White,Local,Hatchback,Manual,Registered
Mehran,650000,2015,Punjab,80000,Petrol,800,White,Local,Hatchback,Manual,Registered
Mehran,470000,2006,KPK,98000,Petrol,800,White,Local,Hatchback,Manual,Registered
City,650000,1998,Punjab,200000,Petrol,1500,Gold,Local,Sedan,Manual,Registered
Swift,1490000,2016,Punjab,111589,Petrol,1300,White,Local,Hatchback,Manual,Registered
Cultus,695000,2008,Punjab,65000,Petrol,1000,White,Local,Hatchback,Manual,Registered
Land,22000000,2013,Sindh,72000,Petrol,4608,Black,Imported,SUV,Automatic,Registered
Civic,3350000,2017,Punjab,40500,Petrol,1800,Silver,Local,Sedan,Automatic,Registered
N,2150000,2017,Islamabad,40000,Petrol,660,Indigo,Imported,Hatchback,Automatic,Un-Registered
Boon,2075000,2017,Islamabad,35500,Petrol,1000,Burgundy,Imported,Hatchback,Automatic,Un-Registered
Civic,3380000,2017,Punjab,33000,Petrol,1800,Grey,Local,Sedan,Automatic,Registered
Prado,13900000,2013,Islamabad,83395,Petrol,2700,White,Imported,SUV,Automatic,Registered
Mehran,910000,2018,Sindh,18000,Petrol,800,White,Local,Hatchback,Manual,Registered
Corolla,1450000,2011,KPK,135000,Petrol,1300,Silver,Local,Sedan,Manual,Registered
Civic,1600000,2007,Sindh,57000,Petrol,1800,Silver,Local,Sedan,Automatic,Registered
Vitz,1580000,2004,KPK,126000,Petrol,1000,White,Imported,Hatchback,Automatic,Registered
Premio,1900000,2006,KPK,126000,Petrol,1800,White,Imported,Sedan,Automatic,Registered
City,750000,2001,Punjab,170000,Petrol,1300,White,Local,Sedan,Manual,Registered
Bolan,650000,2015,Punjab,60270,Petrol,800,Green,Local,Van,Manual,Registered
Corolla,3400000,2019,Punjab,7800,Petrol,1600,White,Local,Sedan,Automatic,Registered
Baleno,495000,2004,Punjab,123456,Petrol,1300,White,Local,Sedan,Manual,Registered
Cultus,820000,2010,Sindh,98600,Petrol,1000,White,Local,Hatchback,Manual,Registered
Cultus,470000,2003,Sindh,100000,Petrol,1000,White,Local,Hatchback,Manual,Registered
Cultus,670000,2008,KPK,110000,Petrol,1000,Blue,Local,Hatchback,Manual,Registered
Prado,6500000,2012,Islamabad,150000,Petrol,4000,White,Imported,SUV,Automatic,Registered
Mehran,1000000,2018,Kashmir,14000,Petrol,800,White,Local,Hatchback,Manual,Registered
Corolla,1650000,2012,Kashmir,67000,Petrol,1300,Black,Local,Sedan,Manual,Registered
Cultus,1850000,2019,Punjab,26000,Petrol,1000,Silver,Local,Hatchback,Manual,Registered
Corolla,1630000,2011,Punjab,108000,Petrol,1300,Silver,Local,Sedan,Manual,Registered
Vitz,1900000,2014,Punjab,73000,Petrol,1000,Grey,Imported,Hatchback,Automatic,Registered
Fortuner,7500000,2017,Punjab,32000,Petrol,2700,Black,Local,SUV,Automatic,Registered
Vezel,3950000,2016,Punjab,86000,Petrol,1500,Black,Imported,Cross Over,Automatic,Registered
Prado,15500000,2012,Islamabad,80246,Petrol,4000,Black,Imported,SUV,Automatic,Un-Registered
Civic,1070000,2003,Punjab,170000,Petrol,1500,Blue,Local,Sedan,Automatic,Registered
Civic,3800000,2018,KPK,13500,Petrol,1800,Assembly,Local,Sedan,Automatic,Registered
Benz,8600000,2015,Islamabad,90000,Petrol,1600,White,Local,Sedan,Automatic,Registered
Santro,600000,2005,Punjab,410000,Petrol,1000,Silver,Local,Hatchback,Manual,Registered
Bolan,675000,2015,Punjab,74000,Petrol,800,Assembly,Local,Van,Manual,Registered
Vitz,1350000,2001,KPK,123456,Petrol,1000,Blue,Imported,Hatchback,Automatic,Un-Registered
Mehran,550000,2010,Punjab,74000,Petrol,800,Grey,Local,Hatchback,Manual,Registered
Corolla,2750000,2016,Punjab,75000,Petrol,1800,Black,Local,Sedan,Automatic,Registered
Civic,1300000,2006,KPK,123456,Petrol,1600,Black,Local,Sedan,Automatic,Registered
Lancer,1250000,2012,Punjab,111250,Petrol,1500,White,Imported,Sedan,Automatic,Registered
Prado,5000000,2003,Sindh,155000,Petrol,3378,Silver,Imported,SUV,Automatic,Registered
Corolla,1680000,2011,Islamabad,170000,Petrol,1300,Silver,Local,Sedan,Manual,Registered
Swift,1610000,2016,Punjab,50000,Petrol,1300,Silver,Local,Hatchback,Manual,Registered
Cultus,680000,2005,KPK,65000,Petrol,1000,Silver,Local,Hatchback,Manual,Registered
Corolla,2400000,2017,Punjab,50000,Petrol,1300,Black,Local,Sedan,Manual,Registered
Vitz,2500000,2017,Sindh,63232,Petrol,1000,White,Imported,Hatchback,Automatic,Un-Registered
Corolla,1700000,2007,Islamabad,44000,Petrol,1300,Black,Local,Sedan,Manual,Registered
Vitz,2200000,2015,Sindh,63000,Petrol,1300,Purple,Imported,Hatchback,Automatic,Registered
Civic,3550000,2017,Sindh,4700,Petrol,1800,Grey,Local,Sedan,Automatic,Registered
Mira,1950000,2017,Sindh,34139,Petrol,660,White,Imported,Hatchback,Automatic,Un-Registered
Benz,11000000,2016,Punjab,37000,Petrol,1600,Black,Local,Sedan,Automatic,Registered
Camry,12500000,2019,Islamabad,18000,Petrol,2500,White,Local,Sedan,Automatic,Registered
Prado,12600000,2013,Islamabad,83667,Petrol,2700,White,Imported,SUV,Automatic,Registered
Surf,4500000,2005,Sindh,100714,Petrol,2700,Silver,Imported,SUV,Automatic,Registered
City,2400000,2015,Sindh,56000,Petrol,1300,Brown,Local,Sedan,Automatic,Registered
Civic,3200000,2017,Sindh,26000,Petrol,1800,Silver,Local,Sedan,Automatic,Registered
Swift,1575000,2017,Sindh,34000,Petrol,1300,Gold,Local,Hatchback,Manual,Registered
Fortuner,7500000,2017,Punjab,36500,Petrol,2700,White,Local,SUV,Automatic,Registered
Civic,790000,1998,KPK,245333,Petrol,1500,Maroon,Local,Sedan,Manual,Registered
A4,7200000,2016,KPK,98600,Petrol,1400,Grey,Imported,Sedan,Automatic,Registered
Premio,2500000,2008,Punjab,105000,Petrol,1500,Assembly,Imported,Sedan,Automatic,Registered
Civic,1090000,2004,Islamabad,139000,Petrol,1600,Black,Local,Sedan,Automatic,Registered
Accord,1725000,2002,Punjab,106500,Petrol,2400,White,Imported,Sedan,Automatic,Registered
Alto,1385000,2019,Islamabad,10000,Petrol,660,White,Local,Hatchback,Manual,Un-Registered
Corolla,3375000,2018,Sindh,21000,Petrol,1800,Silver,Local,Sedan,Automatic,Registered
Prado,2100000,1992,KPK,150000,Diesel,3200,Black,Imported,SUV,Automatic,Registered
Swift,1500000,2015,Punjab,135000,Petrol,1300,White,Local,Hatchback,Manual,Registered
Vezel,3400000,2015,KPK,70000,Hybrid,1500,White,Imported,Cross Over,Automatic,Registered
Corolla,2330000,2016,Islamabad,120000,Petrol,1300,White,Local,Sedan,Automatic,Registered
City,2050000,2017,Punjab,85000,Petrol,1300,Black,Local,Sedan,Manual,Registered
Vitz,2600000,2017,Sindh,70952,Petrol,1000,Assembly,Imported,Hatchback,Automatic,Un-Registered
N,1500000,2013,Punjab,53000,Petrol,660,Red,Imported,Hatchback,Automatic,Registered
Corolla,1695000,2011,Punjab,118000,Petrol,1600,White,Local,Sedan,Automatic,Registered
Cultus,1650000,2017,Sindh,45000,Petrol,1000,Beige,Local,Hatchback,Manual,Registered
Wagon,1475000,2018,Sindh,31500,Petrol,1000,Silver,Local,Hatchback,Manual,Registered
Vitz,2500000,2017,Sindh,63888,Petrol,1000,White,Imported,Hatchback,Automatic,Un-Registered
Civic,2475000,2014,Punjab,71000,Petrol,1800,White,Local,Sedan,Automatic,Registered
Camry,12000000,2018,Sindh,11447,Petrol,2500,Black,Local,Sedan,Automatic,Registered
Corolla,2285000,2016,Sindh,67000,Petrol,1300,Silver,Local,Sedan,Automatic,Registered
Alto,675000,2007,Punjab,68000,Petrol,1000,Silver,Local,Hatchback,Manual,Registered
Corolla,1575000,2012,Punjab,160000,Petrol,1300,Maroon,Local,Sedan,Manual,Registered
Corolla,3550000,2016,KPK,57000,Petrol,1500,White,Imported,Sedan,Automatic,Un-Registered
Wagon,1100000,2014,Sindh,92000,Petrol,1000,Grey,Local,Hatchback,Manual,Registered
City,940000,2005,Punjab,123456,Petrol,1300,Black,Local,Sedan,Manual,Registered
Corolla,2030000,2016,Punjab,101700,Petrol,1300,White,Local,Sedan,Manual,Registered
City,2700000,2018,KPK,8300,Petrol,1500,Silver,Local,Sedan,Manual,Registered
Cultus,710000,2008,Punjab,99500,Petrol,1000,Silver,Local,Hatchback,Manual,Registered
Prius,2400000,2012,Punjab,93000,Petrol,1800,Silver,Imported,Sedan,Automatic,Registered
Swift,1665000,2016,Sindh,51500,Petrol,1300,White,Local,Hatchback,Automatic,Registered
Land,31000000,2015,Sindh,54000,Petrol,4600,Black,Imported,SUV,Automatic,Un-Registered
Aqua,3000000,2016,Sindh,49000,Petrol,1500,Silver,Imported,Hatchback,Automatic,Registered
Corolla,800000,2002,Punjab,100000,Diesel,2000,White,Local,Sedan,Manual,Registered
Ek,1195000,2012,Punjab,70532,Petrol,660,Beige,Imported,Hatchback,Automatic,Registered
Corolla,1900000,2014,Punjab,105000,Petrol,1300,Grey,Local,Sedan,Manual,Registered
Civic,3400000,2017,Sindh,21000,Petrol,1500,Black,Local,Sedan,Automatic,Registered
Prado,2800000,1997,KPK,100000,Diesel,3000,Silver,Imported,SUV,Automatic,Registered
Cultus,1250000,2015,Punjab,35000,Petrol,1000,White,Local,Hatchback,Manual,Registered
Racer,485000,2005,Punjab,101753,Petrol,1500,Yellow,Imported,Sedan,Manual,Registered
Vitz,2550000,2017,Punjab,43282,Petrol,1000,Grey,Imported,Hatchback,Automatic,Un-Registered
Passo,2250000,2016,Punjab,31070,Petrol,1000,Green,Imported,Hatchback,Automatic,Un-Registered
City,2170000,2017,Punjab,37682,Petrol,1500,Red,Local,Sedan,Manual,Registered
Aqua,2650000,2015,Punjab,60822,Petrol,1500,White,Imported,Hatchback,Automatic,Registered
Vitz,2200000,2016,Punjab,98378,Petrol,1000,Grey,Imported,Hatchback,Automatic,Un-Registered
Aqua,2450000,2015,Punjab,65852,Petrol,1500,Red,Imported,Hatchback,Automatic,Registered
Move,1165000,2011,Punjab,112396,Petrol,660,Silver,Imported,Hatchback,Automatic,Registered
Vitz,2500000,2017,Sindh,61980,Petrol,1000,Black,Imported,Hatchback,Automatic,Un-Registered
Vitz,1385000,2008,Islamabad,150000,Petrol,1000,Silver,Imported,Hatchback,Automatic,Registered
Civic,4025000,2019,Punjab,13000,Petrol,1800,Black,Local,Sedan,Automatic,Registered
Tanto,950000,2011,Punjab,99750,Petrol,660,Yellow,Imported,Hatchback,Automatic,Registered
Vezel,4255000,2014,Islamabad,60800,Petrol,1500,White,Imported,Cross Over,Automatic,Un-Registered
Mehran,1050000,2019,Islamabad,41000,Petrol,800,Grey,Local,Hatchback,Manual,Registered
Esse,995000,2010,Punjab,77000,Petrol,660,Silver,Imported,Hatchback,Automatic,Registered
Civic,1170000,2006,Punjab,186000,Petrol,1800,Green,Local,Sedan,Automatic,Registered
Corolla,2300000,2014,Punjab,105000,Petrol,1600,Burgundy,Local,Sedan,Automatic,Registered
Civic,930000,2001,Islamabad,179000,Petrol,1600,Silver,Local,Sedan,Manual,Registered
Civic,2400000,2015,Islamabad,98500,Petrol,1800,Black,Local,Sedan,Manual,Registered
Civic,3450000,2017,Punjab,32000,Petrol,1800,Black,Local,Sedan,Automatic,Registered
Aygo,1590000,2015,Punjab,33500,Petrol,1000,Red,Imported,Hatchback,Manual,Registered
Civic,1630000,2010,Punjab,145000,Petrol,1800,Black,Local,Sedan,Automatic,Registered
Cultus,555000,2006,Sindh,111773,Petrol,1000,White,Local,Hatchback,Manual,Registered
Cultus,1320000,2016,Punjab,48732,Petrol,1000,Grey,Local,Hatchback,Manual,Registered
Bolan,1000000,2018,Punjab,10000,Petrol,800,Maroon,Local,Van,Manual,Registered
Santro,560000,2004,Punjab,188000,Petrol,1000,White,Local,Hatchback,Manual,Registered
Civic,3550000,2018,Punjab,23000,Petrol,1800,Maroon,Local,Sedan,Automatic,Registered
Wagon,1320000,2015,Islamabad,118000,Petrol,1000,Silver,Local,Hatchback,Manual,Registered
City,2025000,2017,Punjab,80000,Petrol,1300,Black,Local,Sedan,Manual,Registered
Cultus,500000,2007,Punjab,142536,Petrol,1000,Black,Local,Hatchback,Manual,Registered
Platz,800000,2003,Sindh,85000,Petrol,1000,Silver,Imported,Sedan,Automatic,Registered
Prius,2290000,2010,KPK,100000,Petrol,1800,Silver,Imported,Sedan,Automatic,Registered
Vitz,2410000,2017,Sindh,36000,Petrol,1000,Grey,Imported,Hatchback,Automatic,Un-Registered
Vitz,2400000,2017,Sindh,43100,Petrol,1000,Silver,Imported,Hatchback,Automatic,Un-Registered
Vezel,3300000,2014,Punjab,50214,Hybrid,1500,Silver,Imported,Cross Over,Automatic,Registered
Corolla,2650000,2018,Islamabad,31000,Petrol,1300,White,Local,Sedan,Automatic,Registered
Vezel,4340000,2015,Sindh,55000,Hybrid,1500,White,Imported,Cross Over,Automatic,Un-Registered
Baleno,325000,1998,Punjab,250000,Petrol,1300,Blue,Imported,Sedan,Manual,Registered
Vitz,2265000,2016,Punjab,78585,Petrol,1000,White,Imported,Hatchback,Automatic,Un-Registered
Passo,2290000,2016,Punjab,61434,Petrol,1000,Gold,Imported,Hatchback,Automatic,Un-Registered
Vitz,2450000,2017,Sindh,43800,Petrol,1000,Silver,Imported,Hatchback,Automatic,Un-Registered
Vitz,2225000,2016,Punjab,73272,Petrol,1000,Grey,Imported,Hatchback,Automatic,Un-Registered
Vitz,2150000,2016,Punjab,70032,Petrol,1000,Black,Imported,Hatchback,Automatic,Un-Registered
Vitz,2295000,2016,Punjab,56036,Petrol,1000,White,Imported,Hatchback,Automatic,Un-Registered
Passo,2140000,2017,Punjab,37730,Petrol,1000,Silver,Imported,Hatchback,Automatic,Registered
Passo,1950000,2015,Islamabad,48000,Petrol,1000,Silver,Imported,Hatchback,Automatic,Un-Registered
Corolla,2325000,2017,Punjab,67000,Petrol,1300,Black,Local,Sedan,Automatic,Registered
Civic,1020000,2004,Punjab,120000,Petrol,1600,Blue,Local,Sedan,Manual,Registered
Premio,2400000,2008,KPK,162000,Petrol,1800,Silver,Imported,Sedan,Automatic,Registered
Wagon,1655000,2019,Punjab,11000,Petrol,1000,Silver,Local,Hatchback,Manual,Registered
Corolla,670000,1996,KPK,150000,Diesel,2000,White,Local,Sedan,Manual,Registered
Corolla,1800000,2010,Punjab,40000,Petrol,1300,Black,Local,Sedan,Manual,Registered
Corolla,2110000,2014,Punjab,45000,Petrol,1300,Silver,Local,Sedan,Manual,Registered
Corolla,3345000,2019,Islamabad,18370,Petrol,1600,Black,Local,Sedan,Automatic,Registered
Prius,2750000,2011,Punjab,96000,Petrol,1800,Silver,Imported,Sedan,Automatic,Registered
Civic,1690000,2010,Punjab,92000,Petrol,1800,Black,Local,Sedan,Automatic,Registered
Cultus,870000,2009,Punjab,134400,Petrol,1000,Grey,Local,Hatchback,Manual,Registered
Bolan,620000,2019,Punjab,38000,Petrol,800,White,Local,Van,Manual,Registered
Corolla,2080000,2016,Punjab,83000,Petrol,1300,White,Local,Sedan,Manual,Registered
City,1700000,2013,Punjab,85550,Petrol,1300,Black,Local,Sedan,Manual,Registered
Vitz,1400000,2008,KPK,100000,Petrol,1000,Silver,Imported,Hatchback,Automatic,Registered
Corolla,895000,2004,Punjab,123456,Petrol,1300,Black,Local,Sedan,Manual,Registered
Corolla,2590000,2016,Punjab,109000,Petrol,1600,Silver,Local,Sedan,Automatic,Registered
Belta,1240000,2007,KPK,85000,Petrol,1300,White,Imported,Sedan,Automatic,Registered
Passo,2250000,2017,Sindh,49974,Petrol,1000,Silver,Imported,Hatchback,Automatic,Un-Registered
Corolla,800000,2001,Punjab,150000,Petrol,1300,White,Local,Sedan,Manual,Registered
Cultus,1165000,2013,Punjab,54390,Petrol,1000,Green,Local,Hatchback,Manual,Registered
Civic,3350000,2018,Punjab,39900,Petrol,1800,Silver,Local,Sedan,Automatic,Registered
Prado,11500000,2011,Islamabad,68000,Petrol,2700,Black,Imported,SUV,Automatic,Registered
Mehran,785000,2016,Punjab,84910,Petrol,800,Beige,Local,Hatchback,Manual,Registered
Land,7800000,2007,Islamabad,112000,Petrol,4700,Black,Imported,SUV,Automatic,Registered
Alto,700000,2011,Punjab,99063,Petrol,1000,Green,Local,Hatchback,Manual,Registered
Corolla,2950000,2018,Punjab,12015,Petrol,1300,Black,Local,Sedan,Automatic,Registered
Prius,3425000,2015,Islamabad,75392,Petrol,1800,Silver,Imported,Sedan,Automatic,Un-Registered
Civic,1600000,2010,Punjab,119430,Petrol,1800,Grey,Local,Sedan,Automatic,Registered
City,2050000,2016,Punjab,155974,Petrol,1500,Silver,Local,Sedan,Automatic,Registered
Wagon,1985000,2017,Punjab,19085,Petrol,660,Black,Imported,Hatchback,Automatic,Un-Registered
Liana,850000,2012,Punjab,80000,Petrol,1300,Grey,Local,Sedan,Manual,Registered
Khyber,210000,1991,KPK,150000,Petrol,1000,White,Local,Hatchback,Manual,Registered
Corolla,1935000,2015,Punjab,83000,Petrol,1300,Black,Local,Sedan,Manual,Registered
Aqua,2290000,2013,Islamabad,72000,Petrol,1500,White,Imported,Hatchback,Automatic,Registered
Cuore,510000,2008,Sindh,80000,Petrol,800,Gold,Local,Hatchback,Manual,Registered
City,900000,2005,Sindh,223000,Petrol,1300,White,Local,Sedan,Manual,Registered
Khyber,340000,1999,Sindh,410000,Petrol,1000,Grey,Local,Hatchback,Manual,Registered
Corolla,1125000,2008,Punjab,332000,Petrol,1300,White,Local,Sedan,Manual,Registered
City,1030000,2006,KPK,123456,Petrol,1300,Black,Local,Sedan,Manual,Registered
Cultus,875000,2009,Punjab,65000,Petrol,1000,White,Local,Hatchback,Manual,Registered
Khyber,365000,1999,Sindh,95000,Petrol,1000,Green,Local,Hatchback,Manual,Registered
City,1800000,2014,Punjab,140000,Petrol,1300,Grey,Local,Sedan,Manual,Registered
Corolla,1925000,2014,Sindh,69000,Petrol,1300,Silver,Local,Sedan,Manual,Registered
Wagon,1440000,2013,Islamabad,40921,Petrol,660,Silver,Imported,Hatchback,Automatic,Registered
Corolla,2450000,2014,Punjab,55000,Petrol,1300,White,Local,Sedan,Automatic,Registered
Vezel,4050000,2015,Punjab,60000,Petrol,1500,White,Imported,Cross Over,Automatic,Un-Registered
Santro,600000,2004,Punjab,117605,Petrol,1000,Silver,Local,Hatchback,Manual,Registered
Corolla,2550000,2016,KPK,46000,Petrol,1300,White,Local,Sedan,Automatic,Registered
Mira,1625000,2016,Punjab,50500,Petrol,660,Silver,Imported,Hatchback,Automatic,Un-Registered
Civic,3195000,2015,Sindh,1700,Petrol,1800,White,Imported,Sedan,Automatic,Registered
City,2600000,2019,Punjab,19500,Petrol,1500,Silver,Local,Sedan,Automatic,Registered
Belta,1175000,2006,KPK,105000,Petrol,1300,Silver,Imported,Sedan,Automatic,Registered
Aqua,2750000,2015,Punjab,63000,Petrol,1500,White,Imported,Hatchback,Automatic,Registered
Vezel,4795000,2016,Punjab,11000,Petrol,1500,White,Imported,Cross Over,Automatic,Un-Registered
Accord,2400000,2003,Punjab,123000,Petrol,2400,White,Imported,Sedan,Automatic,Registered
City,1850000,2015,Islamabad,76500,Petrol,1500,Silver,Local,Sedan,Manual,Registered
Vitz,1400000,2010,Islamabad,157000,Petrol,1000,Silver,Imported,Hatchback,Automatic,Registered
Passo,2450000,2017,Sindh,82055,Petrol,1000,Green,Imported,Hatchback,Automatic,Un-Registered
Civic,1745000,2011,Islamabad,135000,Petrol,1800,Black,Local,Sedan,Automatic,Registered
Alto,1550000,2019,Punjab,7096,Petrol,660,Gold,Local,Hatchback,Automatic,Registered
Civic,1099000,2006,Punjab,127000,Petrol,1800,Silver,Local,Sedan,Manual,Registered
Mark,2500000,2004,Sindh,83000,Petrol,2500,Black,Local,Sedan,Automatic,Registered
Alto,675000,2008,Punjab,98500,Petrol,1000,Green,Local,Hatchback,Manual,Registered
Corolla,1970000,2012,Punjab,95000,Petrol,1600,Silver,Local,Sedan,Automatic,Registered
City,1050000,2007,Punjab,135000,Petrol,1300,Black,Local,Sedan,Manual,Registered
Civic,750000,1998,Punjab,200000,Petrol,1600,White,Local,Sedan,Automatic,Registered
Cultus,800000,2008,Islamabad,90000,Petrol,1000,Blue,Local,Hatchback,Manual,Registered
Mehran,420000,2006,Punjab,88000,Petrol,800,Silver,Local,Hatchback,Manual,Registered
Corolla,870000,2005,Punjab,258000,Petrol,1300,White,Local,Sedan,Manual,Registered
Alto,865000,2012,Punjab,78000,Petrol,1000,Grey,Local,Hatchback,Manual,Registered
Corolla,2325000,2016,Punjab,95000,Petrol,1300,White,Local,Sedan,Manual,Registered
Bolan,950000,2017,Punjab,53000,Petrol,800,White,Local,Van,Manual,Registered
Land,1700000,1990,Islamabad,255800,Diesel,4200,Maroon,Imported,SUV,Manual,Registered
Prius,2295000,2010,Punjab,105000,Petrol,1800,Silver,Imported,Sedan,Automatic,Registered
Fit,1785000,2012,Punjab,73000,Hybrid,1300,White,Imported,Hatchback,Automatic,Registered
City,860000,2001,Islamabad,135000,Petrol,1500,Blue,Local,Sedan,Manual,Registered
Corolla,3150000,2015,KPK,82000,Petrol,1500,White,Imported,Sedan,Automatic,Registered
Khyber,370000,1998,Punjab,150000,Petrol,1000,Grey,Local,Hatchback,Manual,Registered
Corolla,1495000,2014,Sindh,100000,Petrol,1300,Maroon,Local,Sedan,Manual,Registered
Corolla,1750000,2014,Punjab,166000,Petrol,1300,Bronze,Local,Sedan,Manual,Registered
Mehran,665000,2013,Punjab,77000,Petrol,800,Grey,Local,Hatchback,Manual,Registered
Corolla,2250000,2015,Sindh,61000,Petrol,1300,Grey,Local,Sedan,Automatic,Registered
Swift,1785000,2017,Sindh,26000,Petrol,1300,Silver,Local,Hatchback,Automatic,Registered
Aqua,2890000,2015,Punjab,39000,Petrol,1500,White,Imported,Hatchback,Automatic,Un-Registered
Corolla,1450000,2014,Punjab,100000,Petrol,1300,Assembly,Local,Sedan,Manual,Registered
7,3200000,2005,Punjab,130000,Petrol,3600,Black,Imported,Sedan,Automatic,Registered
Vezel,4500000,2015,Islamabad,48500,Petrol,1500,Black,Imported,Cross Over,Automatic,Un-Registered
Corolla,3150000,2018,Punjab,21000,Petrol,1600,Grey,Local,Sedan,Automatic,Registered
Corolla,2390000,2016,Islamabad,74000,Petrol,1300,Black,Local,Sedan,Automatic,Registered
Benz,6000000,2010,Sindh,55000,Petrol,1800,Maroon,Local,Sedan,Automatic,Registered
Passo,2400000,2018,Sindh,62886,Petrol,1000,Assembly,Imported,Hatchback,Automatic,Un-Registered
Prius,4690000,2016,Punjab,77375,Hybrid,1800,White,Imported,Sedan,Automatic,Un-Registered
Cultus,1690000,2019,Punjab,31000,Petrol,1000,Silver,Local,Hatchback,Manual,Registered
Prado,14800000,2014,Sindh,50000,Petrol,2700,Beige,Imported,SUV,Automatic,Registered
Aqua,3400000,2017,Punjab,19000,Petrol,1500,Black,Imported,Hatchback,Automatic,Registered
Vitz,1185000,2005,Punjab,129785,Petrol,1000,Blue,Imported,Hatchback,Automatic,Registered
Civic,2990000,2017,Punjab,47000,Petrol,1800,White,Local,Sedan,Automatic,Registered
Mehran,840000,2015,Punjab,24622,Petrol,800,White,Local,Hatchback,Manual,Registered
Khyber,395000,1998,Punjab,950000,Petrol,1000,Red,Local,Hatchback,Manual,Registered
Mira,1345000,2014,Sindh,77000,Petrol,660,Beige,Imported,Hatchback,Automatic,Registered
Civic,1980000,2013,Punjab,83000,Petrol,1800,White,Local,Sedan,Manual,Registered
Santro,595000,2004,Punjab,221000,Petrol,1100,Grey,Local,Hatchback,Manual,Registered
City,1250000,2007,Punjab,130000,Petrol,1300,Silver,Imported,Sedan,Manual,Registered
City,1225000,2008,Punjab,175000,Petrol,1300,Black,Local,Sedan,Automatic,Registered
Corolla,1830000,2016,Punjab,104500,Petrol,1300,Black,Local,Sedan,Manual,Registered
Alto,750000,2011,Islamabad,105000,Petrol,1000,Green,Local,Hatchback,Manual,Registered
Cultus,1200000,2016,Sindh,53000,Petrol,1000,Grey,Local,Hatchback,Manual,Registered
Civic,1040000,2006,Punjab,139000,Petrol,1600,Silver,Local,Sedan,Manual,Registered
Corolla,2150000,2013,Islamabad,50000,Petrol,1600,Black,Local,Sedan,Automatic,Registered
Land,4400000,1998,Punjab,135000,Petrol,4700,White,Imported,SUV,Automatic,Registered
Grace,3000000,2014,Punjab,65000,Hybrid,1500,White,Imported,Sedan,Automatic,Registered
Prius,4600000,2016,Punjab,43000,Petrol,1800,White,Imported,Sedan,Automatic,Un-Registered
Swift,1600000,2016,Punjab,42000,Petrol,1300,White,Local,Hatchback,Manual,Registered
Aqua,2185000,2013,Punjab,96000,Petrol,1500,Blue,Imported,Hatchback,Automatic,Registered
Vitz,2450000,2017,Punjab,52000,Petrol,1000,Grey,Imported,Hatchback,Automatic,Un-Registered
Kizashi,2950000,2015,Islamabad,84000,Petrol,2400,White,Imported,Sedan,Automatic,Registered
Civic,2290000,2013,Sindh,65000,Petrol,1800,Black,Imported,Sedan,Automatic,Registered
Vezel,4200000,2015,Punjab,51000,Hybrid,1500,Black,Imported,Cross Over,Automatic,Un-Registered
Mehran,845000,2017,KPK,48000,Petrol,800,White,Local,Hatchback,Manual,Registered
Vitz,1625000,2012,Sindh,75000,Petrol,1000,Grey,Imported,Hatchback,Automatic,Registered
Passo,2400000,2018,Sindh,18605,Petrol,1000,Assembly,Imported,Hatchback,Automatic,Un-Registered
Aqua,2800000,2015,Islamabad,89091,Hybrid,1500,Silver,Imported,Hatchback,Automatic,Un-Registered
Cuore,460000,2006,Sindh,100000,Petrol,800,Grey,Local,Hatchback,Manual,Registered
Vitz,2190000,2015,Punjab,48000,Petrol,1000,White,Imported,Hatchback,Automatic,Un-Registered
Civic,580000,1994,KPK,150000,Petrol,1500,White,Local,Sedan,Manual,Registered
Mehran,530000,2009,Punjab,46000,Petrol,800,Beige,Local,Hatchback,Manual,Registered
Alto,735000,2012,Sindh,76700,Petrol,1000,Green,Local,Hatchback,Manual,Registered
Cultus,580000,2007,Sindh,98000,Petrol,1000,White,Local,Hatchback,Manual,Registered
Wagon,1275000,2016,Sindh,45000,Petrol,1000,Silver,Local,Hatchback,Manual,Registered
Civic,950000,2003,Islamabad,228000,Petrol,1600,Beige,Local,Sedan,Manual,Registered
Alto,1185000,2013,Sindh,78000,Petrol,660,Silver,Imported,Hatchback,Automatic,Registered
Vitz,2360000,2016,Sindh,56000,Petrol,1000,White,Imported,Hatchback,Automatic,Registered
3,2050000,2003,Punjab,94000,Petrol,1600,Assembly,Imported,Sedan,Automatic,Registered
Wagon,1600000,2018,Punjab,20000,Petrol,1000,White,Local,Hatchback,Manual,Registered
3,5800000,2013,Punjab,78000,Petrol,1600,White,Local,Sedan,Automatic,Registered
Corolla,2800000,2019,Punjab,19000,Petrol,1300,Black,Local,Sedan,Automatic,Registered
Cuore,670000,2006,Sindh,134000,Petrol,800,Blue,Local,Hatchback,Automatic,Registered
Alto,1375000,2015,Punjab,58000,Petrol,660,Black,Imported,Hatchback,Automatic,Registered
Vitz,1250000,2007,Sindh,100000,Petrol,1000,Silver,Imported,Hatchback,Automatic,Registered
Clipper,1200000,2014,Sindh,100000,Petrol,660,Silver,Imported,Mini Van,Automatic,Registered
Vitz,2450000,2017,Sindh,55235,Petrol,1000,Grey,Imported,Hatchback,Automatic,Un-Registered
Corolla,3900000,2018,Sindh,34936,Hybrid,1500,Brown,Imported,Sedan,Automatic,Un-Registered
Alto,1495000,2015,KPK,80000,Petrol,660,Silver,Imported,Hatchback,Automatic,Registered
City,1220000,2008,Sindh,100000,Petrol,1300,Black,Local,Sedan,Automatic,Registered
Corolla,3900000,2018,Sindh,31746,Hybrid,1500,Brown,Imported,Sedan,Automatic,Un-Registered
Juke,2400000,2013,Islamabad,75000,Petrol,1500,Black,Imported,SUV,Automatic,Un-Registered
Aqua,3225000,2017,Islamabad,45000,Petrol,1500,Navy,Imported,Hatchback,Automatic,Un-Registered
Passo,2400000,2018,Sindh,23900,Petrol,1000,Assembly,Imported,Hatchback,Automatic,Un-Registered
Vitz,2275000,2016,Punjab,91000,Petrol,1000,Grey,Imported,Hatchback,Automatic,Un-Registered
Civic,1150000,2005,Islamabad,121500,Petrol,1600,Grey,Local,Sedan,Manual,Registered
Prius,1680000,2007,Punjab,110000,Petrol,1500,White,Imported,Sedan,Automatic,Registered
Alto,530000,2004,Punjab,156000,Petrol,1000,White,Local,Hatchback,Manual,Registered
Prius,2190000,2010,Punjab,170000,Petrol,1800,Black,Imported,Sedan,Automatic,Registered
Passo,2195000,2017,Islamabad,4192,Petrol,1000,Beige,Imported,Hatchback,Automatic,Un-Registered
Civic,920000,2002,KPK,297000,Petrol,1600,Silver,Local,Sedan,Manual,Registered
Alto,590000,2005,Punjab,100000,Petrol,1000,Assembly,Local,Hatchback,Manual,Registered
Corolla,2850000,2018,Punjab,21000,Petrol,1300,Silver,Local,Sedan,Manual,Registered
Corolla,2350000,2016,Punjab,19000,Petrol,1300,White,Local,Sedan,Manual,Registered
Civic,950000,2005,Sindh,110000,Petrol,1500,Grey,Local,Sedan,Manual,Registered
Civic,580000,1995,Punjab,146000,Petrol,1500,Assembly,Local,Sedan,Manual,Registered
Vitz,1865000,2014,Punjab,76000,Petrol,1000,Bronze,Imported,Hatchback,Automatic,Registered
Prius,1850000,2007,Islamabad,125000,Petrol,1500,Silver,Imported,Sedan,Automatic,Registered
Cuore,690000,2007,Punjab,169550,Petrol,660,Blue,Imported,Hatchback,Manual,Registered
Cuore,538000,2007,Punjab,150000,Petrol,800,White,Local,Hatchback,Manual,Registered
Juke,2325000,2012,Sindh,67000,Petrol,1500,Maroon,Imported,SUV,Automatic,Registered
Vezel,3700000,2014,KPK,115000,Hybrid,1500,Assembly,Imported,Cross Over,Automatic,Un-Registered
Alto,625000,2007,KPK,500000,Petrol,1000,Silver,Local,Hatchback,Manual,Registered
Ciaz,2280000,2018,Punjab,16200,Petrol,1400,Silver,Imported,Sedan,Manual,Registered
Vitz,2495000,2017,Punjab,69514,Petrol,1000,White,Imported,Hatchback,Automatic,Un-Registered
Passo,2265000,2016,Punjab,54502,Petrol,1000,Bronze,Imported,Hatchback,Automatic,Un-Registered
Passo,2250000,2017,Sindh,53650,Petrol,1000,White,Imported,Hatchback,Automatic,Un-Registered
Corolla,3750000,2017,Sindh,34276,Hybrid,1500,Silver,Imported,Sedan,Automatic,Un-Registered
Civic,3350000,2017,Punjab,28351,Petrol,1800,White,Local,Sedan,Automatic,Registered
Mira,1450000,2012,Sindh,80000,Petrol,660,White,Imported,Hatchback,Automatic,Registered
Cuore,780000,2007,Punjab,178000,Petrol,800,Silver,Local,Hatchback,Manual,Registered
Civic,1325000,2006,Punjab,186000,Petrol,1600,Black,Local,Sedan,Automatic,Registered
X-PV,1000000,2018,Punjab,36500,Petrol,1000,White,Local,Mini Van,Manual,Registered
Civic,1085000,2005,Punjab,159000,Petrol,1600,Grey,Local,Sedan,Automatic,Registered
City,1890000,2015,Punjab,67000,Petrol,1300,White,Local,Sedan,Manual,Registered
Corolla,868000,2005,KPK,300000,Diesel,2000,Blue,Local,Sedan,Manual,Registered
Swift,1160000,2011,Punjab,115000,Petrol,1300,Grey,Local,Hatchback,Manual,Registered
Mehran,400000,2004,Punjab,304735,Petrol,800,White,Local,Hatchback,Manual,Registered
Move,1340000,2014,Punjab,63000,Petrol,660,Silver,Imported,Hatchback,Automatic,Registered
Alto,770000,2011,KPK,174806,Petrol,1000,Grey,Local,Hatchback,Manual,Registered
Corolla,2520000,2017,Punjab,59000,Petrol,1300,White,Local,Sedan,Manual,Registered
City,2300000,2018,Punjab,25000,Petrol,1300,White,Imported,Sedan,Manual,Registered
Mehran,550000,2008,Punjab,70000,Petrol,800,White,Local,Hatchback,Manual,Registered
Corolla,2900000,2018,Islamabad,24000,Petrol,1300,Silver,Local,Sedan,Manual,Registered
Mehran,950000,2018,Punjab,48000,Petrol,800,White,Local,Hatchback,Manual,Registered
Civic,1060000,2005,Punjab,193000,Petrol,1500,Grey,Local,Sedan,Automatic,Registered
Corolla,2740000,2018,Sindh,36000,Petrol,1300,White,Local,Sedan,Automatic,Registered
Khyber,340000,1998,Sindh,100000,Petrol,1000,Red,Local,Hatchback,Manual,Registered
Civic,3100000,2016,Punjab,150000,Petrol,1800,Black,Local,Sedan,Automatic,Registered
Corolla,1890000,2012,Punjab,145000,Petrol,1600,Silver,Local,Sedan,Automatic,Registered
Passo,2325000,2017,Punjab,18000,Petrol,1000,Black,Imported,Hatchback,Automatic,Un-Registered
Moco,1150000,2013,Islamabad,67701,Petrol,660,Beige,Imported,Hatchback,Automatic,Registered
Vitz,2450000,2017,Sindh,42630,Petrol,1000,Black,Imported,Hatchback,Automatic,Un-Registered
City,2420000,2018,Punjab,35000,Petrol,1300,White,Local,Sedan,Automatic,Registered
Mehran,950000,2018,Punjab,30000,Petrol,800,Silver,Local,Hatchback,Manual,Registered
Move,1775000,2017,Punjab,18000,Petrol,660,Silver,Imported,Hatchback,Automatic,Registered
Prius,2300000,2010,Punjab,132000,Petrol,1800,Black,Imported,Sedan,Automatic,Registered
Alto,1370000,2019,Punjab,29000,Petrol,660,Silver,Local,Hatchback,Manual,Registered
Cultus,800000,2008,Punjab,125000,Petrol,1000,Grey,Local,Hatchback,Manual,Registered
Mirage,1375000,2012,Punjab,80000,Petrol,1000,Black,Imported,Hatchback,Automatic,Registered
Civic,3150000,2016,Punjab,50000,Petrol,1800,White,Local,Sedan,Automatic,Registered
Baleno,700000,2005,KPK,200000,Petrol,1300,Silver,Local,Sedan,Manual,Registered
Civic,860000,2004,KPK,278000,Petrol,1600,White,Local,Sedan,Manual,Registered
Vitz,1550000,2011,KPK,105000,Petrol,1000,White,Imported,Hatchback,Automatic,Registered
City,1412000,2011,Punjab,95000,Petrol,1300,Grey,Local,Sedan,Automatic,Registered
Alto,750000,2000,KPK,150000,Petrol,660,Blue,Imported,Hatchback,Automatic,Registered
Mehran,325000,2004,Sindh,100000,Petrol,800,White,Local,Hatchback,Manual,Registered
Wagon,1525000,2018,Islamabad,33000,Petrol,1000,Gold,Local,Hatchback,Manual,Registered
Cuore,900000,2012,Sindh,60000,Petrol,800,Black,Local,Hatchback,Automatic,Registered
City,2575000,2018,Punjab,15500,Petrol,1500,White,Local,Sedan,Automatic,Registered
Mehran,375000,2006,Punjab,60000,Petrol,800,White,Local,Hatchback,Manual,Registered
Corolla,2450000,2017,Punjab,101000,Petrol,1300,White,Local,Sedan,Manual,Registered
Allion,1420000,2003,Punjab,123456,Petrol,1500,White,Local,Sedan,Automatic,Registered
Corolla,2190000,2012,Islamabad,95000,Petrol,1600,Silver,Local,Sedan,Automatic,Registered
Corolla,2050000,2012,Balochistan,73000,Petrol,1600,Grey,Local,Sedan,Automatic,Registered
Ek,1395000,2014,Punjab,68000,Petrol,660,Silver,Imported,Hatchback,Automatic,Registered
Civic,1975000,2010,Islamabad,71000,Petrol,1800,White,Local,Sedan,Automatic,Registered
Boon,2195000,2016,Punjab,48000,Petrol,1000,Maroon,Imported,Hatchback,Automatic,Un-Registered
Bolan,975000,2018,Punjab,76443,Petrol,800,White,Local,Van,Manual,Registered
Corolla,1780000,2011,Islamabad,87000,Petrol,1300,White,Local,Sedan,Manual,Registered
Cultus,2050000,2019,Punjab,200,Petrol,1000,Grey,Local,Hatchback,Manual,Un-Registered
Corolla,2360000,2018,Punjab,47000,Petrol,1300,White,Local,Sedan,Manual,Registered
Wagon,1600000,2019,Punjab,35000,Petrol,1000,White,Local,Hatchback,Manual,Registered
Prius,2395000,2012,Punjab,104000,Petrol,1800,Turquoise,Imported,Sedan,Automatic,Registered
Benz,5800000,2010,Punjab,80000,Petrol,2000,White,Local,Sedan,Automatic,Registered
Benz,7500000,2013,Islamabad,55000,Petrol,3500,Blue,Imported,Sedan,Automatic,Registered
Wagon,1450000,2017,Punjab,40000,Petrol,1000,White,Local,Hatchback,Manual,Registered
Prius,2600000,2011,KPK,136000,Hybrid,1800,Silver,Imported,Sedan,Automatic,Registered
Benz,2475000,2005,Punjab,93000,Petrol,1800,Silver,Imported,Sedan,Automatic,Registered
Prado,5900000,2005,Islamabad,95000,Petrol,2000,Assembly,Local,SUV,Automatic,Registered
City,2325000,2017,Punjab,51000,Petrol,1300,Brown,Local,Sedan,Automatic,Registered
Mehran,790000,2016,Punjab,19500,Petrol,800,Grey,Local,Hatchback,Manual,Registered
Mehran,425000,2007,Punjab,100000,Petrol,800,White,Local,Hatchback,Manual,Registered
Wagon,1630000,2019,Punjab,14300,Petrol,1000,White,Local,Hatchback,Manual,Registered
Camry,6000000,2010,Punjab,85000,Petrol,2400,Black,Imported,Sedan,Automatic,Registered
Prado,5700000,2004,Punjab,236000,Petrol,3400,White,Imported,SUV,Automatic,Registered
City,2350000,2019,Punjab,39200,Petrol,1300,White,Local,Sedan,Manual,Registered
Corolla,1450000,2010,KPK,148000,Petrol,1300,White,Local,Sedan,Manual,Registered
Aqua,2045000,2013,Punjab,102000,Petrol,1500,Grey,Imported,Hatchback,Automatic,Registered
Vamos,935000,2012,Punjab,127000,Petrol,660,Grey,Imported,Van,Automatic,Registered
Vamos,985000,2013,Punjab,155000,Petrol,660,White,Imported,Van,Automatic,Registered
Camry,2195000,2006,Punjab,126000,Petrol,2400,Grey,Imported,Sedan,Automatic,Registered
Prius,3095000,2015,Punjab,85000,Petrol,1800,Silver,Imported,Sedan,Automatic,Un-Registered
Aqua,2185000,2013,Punjab,109000,Petrol,1500,Silver,Imported,Hatchback,Automatic,Registered
Passo,1685000,2013,Punjab,70000,Petrol,1000,White,Imported,Hatchback,Automatic,Registered
Vezel,3085000,2013,Punjab,70000,Hybrid,1500,Green,Imported,Cross Over,Automatic,Registered
Mira,1545000,2015,Punjab,61000,Petrol,660,Silver,Imported,Hatchback,Automatic,Registered
Benz,2785000,2007,Punjab,112000,Petrol,1800,Silver,Local,Sedan,Automatic,Registered
Bolan,690000,2013,Sindh,29000,Petrol,800,Red,Local,Van,Manual,Registered
Vitz,1675000,2012,Islamabad,112000,Petrol,1000,White,Imported,Hatchback,Automatic,Registered
Move,1750000,2015,Punjab,74000,Petrol,660,Silver,Imported,Hatchback,Automatic,Registered
City,970000,2004,Punjab,123456,Petrol,1300,Grey,Local,Sedan,Automatic,Registered
City,2175000,2016,Sindh,58200,Petrol,1300,Brown,Local,Sedan,Automatic,Registered
Prius,3750000,2015,Punjab,33679,Petrol,1800,Assembly,Imported,Sedan,Automatic,Registered
Corolla,2950000,2019,Sindh,15200,Petrol,1300,Black,Local,Sedan,Automatic,Registered
Aqua,4000000,2018,KPK,20000,Petrol,1500,White,Imported,Hatchback,Automatic,Un-Registered
Corolla,1500000,2010,KPK,100000,Petrol,1800,Silver,Local,Sedan,Manual,Registered
Wagon,1165000,2015,Sindh,69500,Petrol,1000,Grey,Local,Hatchback,Manual,Registered
City,1699000,2011,Punjab,130000,Petrol,1300,Grey,Local,Sedan,Automatic,Registered
City,920000,2004,Islamabad,250000,Petrol,1300,Silver,Local,Sedan,Manual,Registered
Civic,965000,2004,Sindh,125000,Petrol,1500,Blue,Local,Sedan,Automatic,Registered
Passo,2275000,2016,Punjab,30000,Petrol,1000,White,Imported,Hatchback,Automatic,Un-Registered
City,2400000,2017,Punjab,32000,Petrol,1500,White,Local,Sedan,Automatic,Registered
Passo,1630000,2013,Islamabad,126000,Petrol,1000,Assembly,Imported,Hatchback,Automatic,Registered
Corolla,1200000,2005,Punjab,80000,Petrol,1800,White,Local,Sedan,Automatic,Registered
Corolla,2200000,2015,Punjab,112000,Petrol,1300,Silver,Local,Sedan,Manual,Registered
N,1790000,2017,Punjab,7500,Petrol,660,Assembly,Imported,Hatchback,Automatic,Un-Registered
Corolla,1590000,2014,Punjab,135000,Petrol,1300,White,Local,Sedan,Manual,Registered
Pixis,1985000,2017,Punjab,5600,Petrol,660,Blue,Local,Hatchback,Automatic,Un-Registered
Vitz,1965000,2014,Punjab,80000,Petrol,1000,Silver,Imported,Hatchback,Automatic,Registered
Prius,3285000,2015,Punjab,103000,Petrol,1800,White,Imported,Sedan,Automatic,Registered
Belta,1675000,2012,Sindh,74000,Petrol,1000,White,Imported,Sedan,Automatic,Registered
Grace,2765000,2014,Punjab,58000,Hybrid,1500,Black,Imported,Sedan,Automatic,Registered
Alto,565000,2007,Punjab,195000,Petrol,1000,White,Local,Hatchback,Manual,Registered
Crown,4399000,2004,Punjab,100000,Petrol,2500,White,Imported,Sedan,Automatic,Un-Registered
City,2850000,2019,Punjab,24000,Petrol,1500,White,Local,Sedan,Automatic,Registered
City,1360000,2010,Sindh,105000,Petrol,1300,Silver,Local,Sedan,Manual,Registered
Cultus,1550000,2018,Punjab,95000,Petrol,1000,Grey,Local,Hatchback,Manual,Registered
Vitz,1010000,2000,KPK,100000,Petrol,1000,Pink,Imported,Hatchback,Automatic,Registered
Corolla,2700000,2016,Islamabad,20900,Petrol,1600,Unlisted,Local,Sedan,Automatic,Registered
Corolla,2750000,2017,Punjab,22500,Petrol,1300,Silver,Local,Sedan,Automatic,Registered
Benz,2400000,2006,Islamabad,185000,Petrol,1800,Silver,Local,Sedan,Automatic,Registered
Prius,2060000,2007,Punjab,118000,Petrol,1500,Silver,Imported,Sedan,Automatic,Registered
Cultus,1190000,2013,Punjab,54000,Petrol,1000,White,Local,Hatchback,Manual,Registered
Mira,1425000,2014,Sindh,95000,Petrol,660,Yellow,Imported,Hatchback,Automatic,Registered
Corolla,2945000,2016,Punjab,16000,Petrol,16,White,Local,Sedan,Automatic,Registered
Corolla,900000,2003,Sindh,195000,Petrol,1600,White,Local,Sedan,Manual,Registered
Civic,4100000,2019,Punjab,4800,Petrol,1800,White,Local,Sedan,Automatic,Registered
Alto,1300000,2013,Punjab,70000,Petrol,660,Assembly,Imported,Hatchback,Automatic,Registered
Swift,1180000,2011,Punjab,75400,Petrol,1300,Maroon,Local,Hatchback,Manual,Registered
City,1850000,2016,Sindh,53183,Petrol,1300,Grey,Local,Sedan,Manual,Registered
Swift,1115000,2012,Sindh,115000,Petrol,1300,Grey,Local,Hatchback,Manual,Registered
Passo,1795000,2015,Islamabad,100000,Petrol,1000,White,Imported,Hatchback,Automatic,Registered
Corolla,2625000,2017,Islamabad,70000,Petrol,1300,White,Local,Sedan,Automatic,Registered
City,1175000,2007,Punjab,120000,Petrol,1300,Silver,Local,Sedan,Manual,Registered
Mehran,450000,2009,Punjab,642894,Petrol,800,White,Local,Hatchback,Manual,Registered
Civic,1775000,2010,Punjab,85000,Petrol,1800,Black,Local,Sedan,Automatic,Registered
Mehran,925000,2018,Punjab,12000,Petrol,800,White,Local,Hatchback,Manual,Registered
Wagon,1540000,2018,Punjab,12000,Petrol,1000,Silver,Local,Hatchback,Manual,Registered
Bolan,565000,2006,Punjab,89000,Petrol,800,Maroon,Local,Mini Van,Manual,Registered
Vezel,3600000,2014,Punjab,65000,Hybrid,1500,White,Imported,Cross Over,Automatic,Registered
Cultus,965000,2013,Punjab,65000,Petrol,1000,White,Local,Hatchback,Manual,Registered
Corolla,1300000,2006,KPK,100000,Petrol,1300,White,Local,Sedan,Manual,Registered
Cultus,1100000,2015,Sindh,50000,Petrol,1000,White,Local,Hatchback,Manual,Registered
Vitz,1890000,2014,Sindh,54000,Petrol,1000,Black,Imported,Hatchback,Automatic,Registered
Corolla,1475000,2011,Sindh,74000,Petrol,1300,Black,Local,Sedan,Manual,Registered
Grace,4250000,2017,Punjab,42000,Hybrid,1500,White,Imported,Sedan,Automatic,Un-Registered
Aqua,2675000,2015,Punjab,62000,Petrol,1500,Black,Imported,Hatchback,Automatic,Registered
Swift,1780000,2019,Punjab,160000,Petrol,1300,White,Local,Hatchback,Manual,Registered
Liana,795000,2007,Punjab,90000,Petrol,1300,White,Local,Sedan,Manual,Registered
Benz,1360000,1997,Punjab,180000,Diesel,2000,Maroon,Imported,Sedan,Manual,Registered
Corolla,3090000,2017,Islamabad,43000,Petrol,1800,White,Local,Sedan,Automatic,Registered
City,2049000,2016,Islamabad,89000,Petrol,1300,Grey,Local,Sedan,Manual,Registered
Bego,2650000,2009,Punjab,83975,Petrol,1500,Silver,Imported,SUV,Automatic,Registered
Mehran,520000,2012,Sindh,70000,Petrol,800,Green,Local,Hatchback,Manual,Registered
Mehran,755000,2015,Punjab,67000,Petrol,800,White,Local,Hatchback,Manual,Registered
Cuore,850000,2008,Punjab,82000,Petrol,800,Turquoise,Local,Hatchback,Automatic,Registered
Corolla,3095000,2017,Islamabad,43000,Petrol,1800,White,Local,Sedan,Automatic,Registered
City,1195000,2006,Islamabad,135000,Petrol,1300,Black,Local,Sedan,Manual,Registered
Cultus,665000,2008,Punjab,111222,Petrol,1000,Blue,Local,Hatchback,Manual,Registered
Cuore,550000,2004,Punjab,160000,Petrol,800,White,Local,Hatchback,Manual,Registered
Alto,420000,2006,Islamabad,150000,Petrol,1000,Silver,Local,Hatchback,Automatic,Registered
Mehran,850000,2017,Punjab,34000,Petrol,800,Grey,Local,Hatchback,Manual,Registered
City,2300000,2018,Punjab,46000,Petrol,1500,White,Local,Sedan,Manual,Registered
Mehran,900000,2016,Punjab,27000,Petrol,800,Grey,Local,Hatchback,Manual,Registered
Mira,1850000,2017,Punjab,27000,Petrol,660,White,Imported,Hatchback,Automatic,Un-Registered
Vitz,2225000,2016,Punjab,74112,Petrol,1000,Assembly,Imported,Hatchback,Automatic,Un-Registered
Vitz,2350000,2016,Punjab,35000,Petrol,1000,Pink,Imported,Hatchback,Automatic,Un-Registered
Mira,1450000,2015,Punjab,78000,Petrol,660,Beige,Imported,Hatchback,Automatic,Registered
Vezel,4848000,2017,Punjab,17000,Petrol,1500,Red,Imported,Cross Over,Automatic,Un-Registered
Wagon,1645000,2019,Punjab,16000,Petrol,1000,Silver,Local,Hatchback,Manual,Registered
Sunny,350000,1991,Punjab,200000,Petrol,1300,Assembly,Local,Sedan,Manual,Registered
Cuore,660000,2008,Punjab,85000,Petrol,800,Grey,Local,Hatchback,Manual,Registered
City,2200000,2018,Punjab,48000,Petrol,1300,Silver,Local,Sedan,Manual,Registered
Aqua,2575000,2014,Islamabad,75000,Hybrid,1500,Silver,Imported,Hatchback,Automatic,Registered
Cultus,1100000,2014,Islamabad,62321,Petrol,1000,Assembly,Local,Hatchback,Manual,Registered
Corolla,3335000,2018,Islamabad,18000,Petrol,1600,Black,Local,Sedan,Automatic,Registered
Camry,4600000,2012,Punjab,100000,Petrol,2500,White,Imported,Sedan,Automatic,Registered
Corolla,1700000,2009,KPK,96000,Petrol,1800,Blue,Local,Sedan,Automatic,Registered
Mehran,515000,2012,Sindh,65000,Petrol,800,White,Local,Hatchback,Manual,Registered
Wagon,1660000,2019,Punjab,10600,Petrol,1000,White,Local,Hatchback,Manual,Registered
Cuore,615000,2006,Sindh,84569,Petrol,800,Silver,Local,Hatchback,Automatic,Registered
Alto,650000,2004,Punjab,109000,Petrol,1000,Silver,Local,Hatchback,Manual,Registered
Civic,865000,2004,Punjab,167000,Petrol,1500,Black,Local,Sedan,Automatic,Registered
Civic,1790000,2010,Islamabad,85000,Petrol,1800,White,Local,Sedan,Automatic,Registered
Prado,9950000,2012,Punjab,72000,Petrol,2700,Assembly,Imported,SUV,Automatic,Registered
City,2200000,2018,Punjab,28000,Petrol,1300,White,Local,Sedan,Manual,Registered
Cultus,1825000,2018,Punjab,27000,Petrol,1000,Silver,Local,Hatchback,Manual,Registered
Swift,1850000,2019,Punjab,30000,Petrol,1300,White,Local,Hatchback,Manual,Registered
Wagon,1275000,2013,Punjab,63000,Petrol,660,Pink,Imported,Hatchback,Automatic,Registered
Mira,1360000,2013,Punjab,65000,Petrol,660,White,Imported,Hatchback,Automatic,Registered
Benz,15500000,2017,Sindh,11000,Petrol,2000,Blue,Imported,Sedan,Automatic,Registered
Civic,1480000,2008,Islamabad,150000,Petrol,1800,Silver,Local,Sedan,Automatic,Registered
Passo,1180000,2006,KPK,111111,Petrol,1000,White,Imported,Hatchback,Automatic,Registered
Corolla,950000,2006,Islamabad,222000,Petrol,1300,White,Local,Sedan,Manual,Registered
Probox,1200000,2006,KPK,190000,Petrol,1500,Silver,Imported,Van,Manual,Registered
Alto,540000,2008,Sindh,109500,Petrol,1000,Blue,Local,Hatchback,Manual,Registered
City,1225000,2008,Punjab,90000,Petrol,1300,Silver,Local,Sedan,Manual,Registered
Mehran,575000,2008,Islamabad,89000,Petrol,800,Silver,Local,Hatchback,Manual,Registered
Civic,3800000,2018,Sindh,51000,Petrol,1800,White,Local,Sedan,Automatic,Registered
Mehran,725000,2017,Punjab,77928,Petrol,800,White,Local,Hatchback,Manual,Registered
Corolla,2715000,2018,Punjab,35000,Petrol,1300,White,Local,Sedan,Automatic,Registered
Prado,9950000,2010,Islamabad,97000,Petrol,2700,Black,Imported,SUV,Automatic,Registered
Fit,2650000,2015,Sindh,103000,Hybrid,1500,Blue,Imported,Hatchback,Automatic,Registered
Civic,1230000,2007,Punjab,200000,Petrol,1800,White,Local,Sedan,Manual,Registered
Aqua,2750000,2017,KPK,28000,Hybrid,1500,Turquoise,Imported,Hatchback,Automatic,Un-Registered
Corolla,2690000,2015,Islamabad,79000,Petrol,1600,White,Local,Sedan,Automatic,Registered
Civic,3200000,2016,Punjab,72000,Petrol,1800,White,Local,Sedan,Automatic,Registered
Vitz,1225000,2006,Punjab,102000,Petrol,1000,Assembly,Imported,Hatchback,Automatic,Registered
Corolla,1675000,2011,Punjab,87000,Petrol,1300,Grey,Local,Sedan,Manual,Registered
Mehran,780000,2013,Punjab,69000,Petrol,800,Silver,Local,Hatchback,Manual,Registered
Move,1825000,2016,Punjab,53480,Petrol,660,Silver,Imported,Hatchback,Automatic,Un-Registered
Corolla,3250000,2018,Sindh,8200,Petrol,1600,White,Local,Sedan,Automatic,Registered
Civic,1825000,2010,KPK,105000,Petrol,1800,Black,Local,Sedan,Automatic,Registered
Passo,1260000,2009,Punjab,85000,Petrol,1000,Black,Imported,Hatchback,Automatic,Registered
Civic,3175000,2018,Punjab,28000,Petrol,1800,White,Local,Sedan,Automatic,Registered
N,1495000,2018,Punjab,50233,Petrol,660,White,Imported,Hatchback,Automatic,Un-Registered
Civic,470000,1995,Punjab,100000,Petrol,1500,Red,Imported,Sedan,Manual,Registered
Corolla,290000,2019,Sindh,9000,Petrol,1300,Grey,Local,Sedan,Manual,Registered
Terios,2650000,2009,Punjab,83975,Petrol,1500,Silver,Imported,SUV,Automatic,Registered
Alto,775000,2011,Punjab,180000,Petrol,1000,Grey,Local,Hatchback,Manual,Registered
Baleno,725000,2005,Punjab,122000,Petrol,1300,Silver,Local,Sedan,Manual,Registered
Mehran,640000,2014,Punjab,34000,Petrol,800,Grey,Local,Hatchback,Manual,Registered
Corolla,3380000,2019,Islamabad,24600,Petrol,1600,White,Local,Sedan,Automatic,Registered
Cultus,1750000,2019,Sindh,30000,Petrol,1000,White,Local,Hatchback,Manual,Un-Registered
Aqua,2045000,2013,Punjab,75000,Petrol,1500,Silver,Imported,Hatchback,Automatic,Registered
Prius,2350000,2010,Punjab,90000,Hybrid,1800,Silver,Imported,Sedan,Automatic,Registered
Corolla,2670000,2017,KPK,32000,Petrol,1300,White,Local,Sedan,Automatic,Registered
City,1550000,2009,Punjab,126500,Petrol,1300,White,Local,Sedan,Automatic,Registered
A6,9000000,2015,Punjab,106000,Petrol,1800,Grey,Imported,Sedan,Automatic,Registered
Premio,3700000,2012,Sindh,82000,Petrol,1500,White,Imported,Sedan,Automatic,Registered
Corolla,4000000,2016,Sindh,39000,Petrol,1500,White,Imported,Sedan,Automatic,Registered
Vitz,2250000,2016,Punjab,44676,Petrol,1000,Beige,Imported,Hatchback,Automatic,Un-Registered
Corolla,3450000,2016,Sindh,92000,Petrol,1500,White,Imported,Sedan,Automatic,Registered
Vitz,2325000,2016,Punjab,73659,Petrol,1000,Black,Imported,Hatchback,Automatic,Un-Registered
Fit,2895000,2016,Punjab,76081,Hybrid,1500,Silver,Imported,Hatchback,Automatic,Un-Registered
Mira,1725000,2016,Punjab,51993,Petrol,660,White,Imported,Hatchback,Automatic,Un-Registered
C-HR,6295000,2017,Punjab,30647,Hybrid,1800,White,Imported,Cross Over,Automatic,Un-Registered
Alto,1650000,2016,Punjab,60315,Petrol,660,White,Imported,Hatchback,Automatic,Un-Registered
Land,33500000,2016,Punjab,20000,Petrol,4608,White,Imported,SUV,Automatic,Registered
Prius,1520000,2007,Punjab,212000,Petrol,1500,Silver,Imported,Sedan,Automatic,Registered
Platz,935000,2004,Sindh,150000,Petrol,1000,White,Imported,Sedan,Automatic,Registered
A5,11800000,2019,Punjab,15500,Petrol,1400,Assembly,Imported,Sedan,Automatic,Registered
Cultus,850000,2011,Punjab,83135,Petrol,1000,White,Local,Hatchback,Manual,Registered
Santro,530000,2003,Punjab,150000,Petrol,1000,Grey,Local,Hatchback,Manual,Registered
Mehran,690000,2013,Islamabad,48190,Petrol,800,Assembly,Local,Hatchback,Manual,Registered
Vezel,3650000,2015,Islamabad,95000,Hybrid,1500,Burgundy,Imported,Cross Over,Automatic,Registered
Bolan,700000,2012,KPK,123456,Petrol,800,White,Local,Van,Manual,Registered
Cultus,1100000,2015,Sindh,62000,Petrol,1000,White,Local,Hatchback,Manual,Registered
Civic,3495000,2018,Punjab,39000,Petrol,1800,Silver,Local,Sedan,Automatic,Registered
Civic,2250000,2015,Punjab,81000,Petrol,1800,Black,Local,Sedan,Automatic,Registered
Mehran,1065000,2019,Sindh,5500,Petrol,800,Gold,Local,Hatchback,Manual,Registered
Cultus,1270000,2016,Punjab,100000,Petrol,1000,Grey,Local,Hatchback,Manual,Registered
Move,1050000,2007,KPK,90000,Petrol,660,Burgundy,Imported,Hatchback,Automatic,Registered
Corolla,1900000,2013,Punjab,71600,Petrol,1300,Silver,Local,Sedan,Manual,Registered
City,1700000,2014,Punjab,150000,Petrol,1300,Black,Local,Sedan,Manual,Registered
Cultus,395000,2005,Islamabad,100000,Petrol,1000,White,Local,Hatchback,Manual,Registered
Vezel,4700000,2016,KPK,30000,Petrol,1500,White,Imported,Cross Over,Automatic,Un-Registered
Corolla,2150000,2016,Sindh,60500,Petrol,1300,Black,Local,Sedan,Manual,Registered
Civic,3675000,2018,Punjab,19000,Petrol,1800,White,Local,Sedan,Automatic,Registered
Civic,3150000,2016,Punjab,55000,Petrol,1800,Silver,Local,Sedan,Automatic,Registered
Land,42500000,2017,Sindh,50,Petrol,4608,White,Imported,SUV,Automatic,Un-Registered
Vezel,4050000,2016,Punjab,47000,Hybrid,1500,Assembly,Imported,Cross Over,Automatic,Registered
Aqua,3525000,2017,Punjab,40000,Petrol,1500,Grey,Imported,Hatchback,Automatic,Un-Registered
Corolla,850000,2004,Punjab,103498,Diesel,2000,White,Local,Sedan,Manual,Registered
Civic,1775000,2013,Punjab,96000,Petrol,1800,Black,Local,Sedan,Manual,Registered
Mehran,425000,2006,Punjab,56300,Petrol,800,White,Local,Hatchback,Manual,Registered
Corolla,1950000,2016,Sindh,53600,Petrol,1300,White,Local,Sedan,Manual,Registered
Mehran,465000,2010,Punjab,100000,Petrol,800,White,Local,Hatchback,Manual,Registered
Baleno,620000,2002,Punjab,150000,Petrol,1300,White,Local,Sedan,Manual,Registered
Corolla,2425000,2016,Punjab,112000,Petrol,1600,White,Local,Sedan,Automatic,Registered
Passo,1060000,2007,Sindh,93000,Petrol,1000,Assembly,Imported,Hatchback,Automatic,Registered
Corolla,3000000,2017,Sindh,23000,Petrol,1800,Assembly,Local,Sedan,Automatic,Registered
Vitz,1745000,2011,KPK,42100,Petrol,1000,White,Imported,Hatchback,Automatic,Registered
Swift,1620000,2016,Punjab,46000,Petrol,1300,Maroon,Local,Hatchback,Manual,Registered
Civic,1425000,2007,Islamabad,150000,Petrol,1800,Unlisted,Local,Sedan,Automatic,Registered
Porte,1350000,2007,Islamabad,110000,Petrol,1300,Silver,Imported,Mini Van,Automatic,Registered
Aqua,1975000,2013,Sindh,108000,Hybrid,1500,Silver,Imported,Hatchback,Automatic,Registered
Passo,1250000,2007,Punjab,150000,Petrol,1000,Black,Imported,Hatchback,Automatic,Registered
Civic,2100000,2013,Punjab,77000,Petrol,1800,White,Local,Sedan,Manual,Registered
Corolla,1225000,2019,Punjab,34500,Petrol,1300,Black,Local,Sedan,Manual,Registered
Corolla,3200000,2018,KPK,27000,Petrol,1600,Black,Local,Sedan,Automatic,Registered
Civic,3590000,2018,Islamabad,43000,Petrol,1800,White,Local,Sedan,Automatic,Registered
Alto,1525000,2019,Punjab,9400,Petrol,660,Grey,Local,Hatchback,Automatic,Un-Registered
Civic,4050000,2019,Punjab,9000,Petrol,1800,Black,Local,Sedan,Automatic,Registered
Civic,2000000,2012,Punjab,153000,Petrol,1800,Grey,Local,Sedan,Manual,Registered
N,1400000,2014,Punjab,82000,Petrol,660,White,Imported,Hatchback,Automatic,Registered
Moco,1325000,2014,Punjab,60000,Petrol,660,Brown,Imported,Hatchback,Automatic,Registered
Civic,2390000,2013,Punjab,42000,Petrol,1800,White,Local,Sedan,Automatic,Registered
Corolla,2225000,2015,Punjab,71000,Petrol,1300,Black,Local,Sedan,Automatic,Registered
Mehran,665000,2013,Punjab,55000,Petrol,800,Green,Local,Hatchback,Manual,Registered
Alto,795000,2012,Punjab,95668,Petrol,1000,White,Local,Hatchback,Manual,Registered
City,1685000,2017,Punjab,69000,Petrol,1300,White,Local,Sedan,Manual,Registered
Corolla,1990000,2007,Balochistan,90000,Petrol,1500,White,Imported,Sedan,Automatic,Registered
Cuore,700000,2007,Punjab,109929,Petrol,800,Grey,Local,Hatchback,Manual,Registered
City,1350000,2006,Islamabad,111000,Petrol,1300,Silver,Local,Sedan,Manual,Registered
ISIS,1750000,2007,Sindh,119100,Petrol,1800,Silver,Local,Mini Van,Automatic,Registered
City,2050000,2015,Punjab,100000,Petrol,1500,White,Local,Sedan,Manual,Registered
Alto,600000,2009,Punjab,165000,Petrol,660,Unlisted,Local,Hatchback,Manual,Registered
Cultus,760000,2007,Punjab,85000,Petrol,1000,Blue,Local,Hatchback,Manual,Registered
Benz,1480000,2001,Punjab,147000,Diesel,2200,Blue,Imported,Sedan,Automatic,Registered
Alto,550000,2006,KPK,170000,Petrol,1000,White,Local,Hatchback,Manual,Registered
City,1825000,2015,Punjab,100000,Petrol,1300,White,Local,Sedan,Manual,Registered
Prius,2750000,2013,Punjab,89000,Petrol,1800,Black,Imported,Sedan,Automatic,Registered
Civic,2500000,2014,KPK,89000,Petrol,1800,White,Local,Sedan,Automatic,Registered
Rover,8500000,2008,Punjab,91000,Petrol,4196,Black,Imported,SUV,Automatic,Registered
Benz,2030000,2006,KPK,98000,Petrol,1800,Black,Imported,Sedan,Automatic,Registered
Alto,1420000,2016,KPK,33000,Petrol,660,Beige,Imported,Hatchback,Automatic,Un-Registered
Wagon,1875000,2015,Punjab,20600,Petrol,660,White,Imported,Hatchback,Automatic,Registered
Hustler,1800000,2017,Punjab,25000,Petrol,660,Red,Imported,Hatchback,Automatic,Un-Registered
Prius,4800000,2017,Punjab,35458,Hybrid,1800,White,Imported,Sedan,Automatic,Registered
N,1525000,2014,Punjab,50300,Petrol,660,Silver,Imported,Hatchback,Automatic,Registered
Move,1775000,2016,Punjab,58000,Petrol,660,Black,Imported,Hatchback,Automatic,Registered
Prius,4350000,2016,Punjab,45390,Petrol,1800,Black,Imported,Sedan,Automatic,Un-Registered
Prado,10900000,2009,Punjab,85000,Petrol,2700,White,Imported,SUV,Automatic,Registered
Vitz,1625000,2012,Sindh,87000,Petrol,1000,Black,Imported,Hatchback,Automatic,Registered
Mehran,715000,2013,Islamabad,60000,Petrol,800,White,Local,Hatchback,Manual,Registered
Wagon,1500000,2018,Punjab,98500,Petrol,1000,White,Local,Hatchback,Manual,Registered
Mira,1200000,2012,Punjab,72000,Petrol,660,Maroon,Imported,Hatchback,Automatic,Registered
Fortuner,6275000,2016,Islamabad,46000,Petrol,2700,White,Local,SUV,Automatic,Registered
Mehran,750000,2014,Punjab,58000,Petrol,800,Grey,Local,Hatchback,Manual,Registered
Liana,800000,2006,Islamabad,142000,Petrol,1300,Grey,Local,Sedan,Manual,Registered
Glory,4300000,2019,Punjab,13000,Petrol,1500,White,Imported,SUV,Automatic,Registered
Corolla,1350000,2010,Sindh,81000,Petrol,1300,Silver,Local,Sedan,Manual,Registered
City,2030000,2016,Punjab,95000,Petrol,1300,White,Local,Sedan,Manual,Registered
Alto,800000,2010,Punjab,123456,Petrol,1000,Grey,Local,Hatchback,Manual,Registered
City,1595000,2013,Punjab,94000,Petrol,1300,Grey,Local,Sedan,Manual,Registered
Vitz,1699000,2013,Punjab,80000,Petrol,1000,White,Imported,Hatchback,Automatic,Registered
Corolla,1199000,2008,Punjab,200000,Petrol,1300,Black,Local,Sedan,Manual,Registered
Benz,1650000,2003,Sindh,100000,Petrol,1800,Black,Imported,Sedan,Automatic,Registered
Corolla,2505000,2018,Punjab,17500,Petrol,1300,White,Local,Sedan,Automatic,Registered
Alto,850000,2012,Punjab,106000,Petrol,660,Beige,Imported,Hatchback,Automatic,Registered
City,1790000,2013,Sindh,72000,Petrol,1300,Red,Local,Sedan,Automatic,Registered
Corolla,1265000,2005,Punjab,140000,Petrol,1600,Navy,Local,Sedan,Automatic,Registered
Land,17600000,2010,Islamabad,70000,Petrol,4600,White,Imported,SUV,Automatic,Registered
